idx,prev_attempt_id,next_attempt_id,gap_steps,prev_phase,next_phase,same_phase,prev_ok,next_ok,origin_l1,origin_linf,same_origin,heading_delta_mod4,critical_l1,same_critical_cell
0,0:0,0:1,3781,30,30,1,0,0,43,40,0,3,41,0
0,0:1,0:2,10911,30,0,0,0,0,47,42,0,3,53,0
0,0:2,0:3,2490,0,0,1,0,0,32,27,0,0,37,0
0,0:3,0:4,5628,0,103,0,0,0,26,14,0,0,33,0
0,0:4,0:5,1859,103,0,0,0,0,59,42,0,3,54,0
0,0:5,0:6,4060,0,103,0,0,0,16,10,0,0,25,0
0,0:6,0:7,2150,103,0,0,0,0,32,19,0,0,38,0
0,0:7,0:8,1460,0,0,1,0,0,10,6,0,0,8,0
0,0:8,0:9,3355,0,101,0,0,0,15,11,0,3,31,0
0,0:9,0:10,11991,101,24,0,0,0,87,46,0,3,80,0
0,0:10,0:11,55762,24,0,0,0,0,18,13,0,0,23,0
0,0:11,0:12,31437,0,103,0,0,0,53,35,0,3,56,0
0,0:12,0:13,4895,103,0,0,0,0,21,17,0,1,28,0
0,0:13,0:14,148,0,100,0,0,0,2,2,0,0,16,0
0,0:14,0:15,11343,100,0,0,0,0,17,9,0,1,27,0
0,0:15,0:16,1855,0,0,1,0,0,9,8,0,3,10,0
0,0:16,0:17,111,0,99,0,0,0,3,2,0,1,3,0
0,0:17,0:18,6653,99,103,0,0,0,153,121,0,3,144,0
0,0:18,0:19,34803,103,0,0,0,0,15,13,0,1,13,0
0,0:19,0:20,9766,0,24,0,0,0,146,95,0,0,148,0
0,0:20,0:21,56993,24,25,0,0,0,107,88,0,1,119,0
0,0:21,0:22,303,25,0,0,0,0,43,35,0,1,44,0
0,0:22,0:23,224,0,0,1,0,0,4,2,0,0,6,0
0,0:23,0:24,947,0,103,0,0,0,3,2,0,3,3,0
0,0:24,0:25,1773,103,0,0,0,0,33,17,0,1,34,0
0,0:25,0:26,8914,0,26,0,0,0,44,33,0,0,47,0
0,0:26,0:27,1905,26,0,0,0,0,49,48,0,3,50,0
0,0:27,0:28,6654,0,0,1,0,0,130,97,0,2,124,0
0,0:28,0:29,1317,0,31,0,0,0,15,12,0,1,19,0
0,0:29,0:30,4045,31,24,0,0,0,5,3,0,1,7,0
0,0:30,0:31,11087,24,25,0,0,0,137,72,0,1,141,0
0,0:31,0:32,686,25,0,0,0,0,10,9,0,0,7,0
0,0:32,0:33,2159,0,100,0,0,0,43,43,0,1,47,0
0,0:33,0:34,136,100,100,1,0,1,4,2,0,0,,
1,1:0,1:1,10709,0,30,0,0,0,21,19,0,3,27,0
1,1:1,1:2,4520,30,30,1,0,0,8,4,0,0,9,0
1,1:2,1:3,160,30,0,0,0,0,8,6,0,2,5,0
1,1:3,1:4,14548,0,0,1,0,0,24,24,0,0,26,0
1,1:4,1:5,8933,0,103,0,0,0,29,19,0,3,32,0
1,1:5,1:6,8366,103,25,0,0,0,16,9,0,0,13,0
1,1:6,1:7,8500,25,97,0,0,0,4,2,0,2,3,0
1,1:7,1:8,13520,97,0,0,0,0,102,68,0,0,107,0
1,1:8,1:9,7358,0,24,0,0,0,62,59,0,0,62,0
1,1:9,1:10,13772,24,0,0,0,0,84,54,0,2,88,0
1,1:10,1:11,4221,0,0,1,0,0,55,41,0,3,57,0
1,1:11,1:12,4170,0,103,0,0,0,112,73,0,2,119,0
1,1:12,1:13,14843,103,0,0,0,0,49,48,0,3,65,0
1,1:13,1:14,37164,0,30,0,0,0,36,20,0,2,32,0
1,1:14,1:15,7932,30,0,0,0,0,140,80,0,0,129,0
1,1:15,1:16,3498,0,0,1,0,0,30,21,0,0,30,0
1,1:16,1:17,1441,0,0,1,0,0,17,15,0,3,24,0
1,1:17,1:18,18766,0,0,1,0,0,142,101,0,0,135,0
1,1:18,1:19,4203,0,102,0,0,0,83,48,0,3,87,0
1,1:19,1:20,34470,102,31,0,0,0,124,113,0,2,119,0
1,1:20,1:21,7695,31,0,0,0,0,109,74,0,1,109,0
1,1:21,1:22,42945,0,0,1,0,0,91,56,0,3,92,0
1,1:22,1:23,6281,0,30,0,0,0,165,114,0,1,159,0
1,1:23,1:24,8954,30,30,1,0,0,178,107,0,2,178,0
1,1:24,1:25,5931,30,103,0,0,0,95,52,0,1,90,0
1,1:25,1:26,1426,103,25,0,0,0,36,33,0,0,26,0
1,1:26,1:27,12439,25,103,0,0,0,175,101,0,1,172,0
1,1:27,1:28,229,103,0,0,0,1,9,8,0,1,,
2,2:0,2:1,9410,24,30,0,0,0,32,17,0,0,37,0
2,2:1,2:2,4452,30,0,0,0,0,38,30,0,2,42,0
2,2:2,2:3,17105,0,103,0,0,0,37,31,0,3,35,0
2,2:3,2:4,18442,103,0,0,0,0,42,25,0,0,38,0
2,2:4,2:5,3761,0,103,0,0,0,51,31,0,1,46,0
2,2:5,2:6,9028,103,103,1,0,0,20,18,0,0,20,0
2,2:6,2:7,4317,103,101,0,0,0,45,28,0,1,31,0
2,2:7,2:8,1376,101,103,0,0,0,32,20,0,2,26,0
2,2:8,2:9,3245,103,24,0,0,0,59,53,0,3,58,0
2,2:9,2:10,25799,24,25,0,0,0,33,18,0,3,39,0
2,2:10,2:11,3402,25,103,0,0,0,94,63,0,0,97,0
2,2:11,2:12,10120,103,31,0,0,0,30,28,0,2,40,0
2,2:12,2:13,69,31,24,0,0,0,5,4,0,1,5,0
2,2:13,2:14,969,24,0,0,0,0,39,27,0,1,42,0
2,2:14,2:15,8160,0,30,0,0,0,98,62,0,2,90,0
2,2:15,2:16,1387,30,102,0,0,0,119,73,0,1,116,0
2,2:16,2:17,341,102,31,0,0,0,7,7,0,3,5,0
2,2:17,2:18,18134,31,0,0,0,0,136,103,0,2,127,0
2,2:18,2:19,22049,0,0,1,0,0,39,25,0,3,46,0
2,2:19,2:20,7780,0,0,1,0,0,96,68,0,0,89,0
2,2:20,2:21,1361,0,31,0,0,0,41,23,0,3,41,0
2,2:21,2:22,6897,31,24,0,0,0,61,40,0,1,58,0
2,2:22,2:23,6977,24,102,0,0,0,43,35,0,1,23,0
2,2:23,2:24,10871,102,25,0,0,0,63,56,0,1,74,0
2,2:24,2:25,29080,25,0,0,0,0,104,64,0,2,100,0
2,2:25,2:26,62053,0,103,0,0,0,189,126,0,1,203,0
2,2:26,2:27,13222,103,0,0,0,0,60,57,0,0,64,0
2,2:27,2:28,1315,0,24,0,0,0,65,65,0,1,67,0
2,2:28,2:29,194,24,98,0,0,1,6,3,0,2,,
3,3:0,3:1,895,102,25,0,0,0,23,13,0,1,32,0
3,3:1,3:2,418,25,31,0,0,0,10,9,0,0,8,0
3,3:2,3:3,5585,31,0,0,0,0,21,17,0,3,15,0
3,3:3,3:4,7245,0,0,1,0,0,31,26,0,1,30,0
3,3:4,3:5,140,0,0,1,0,0,4,2,0,0,3,0
3,3:5,3:6,10924,0,100,0,0,0,2,2,0,0,5,0
3,3:6,3:7,11649,100,30,0,0,0,25,20,0,3,28,0
3,3:7,3:8,9066,30,0,0,0,0,62,47,0,0,68,0
3,3:8,3:9,2835,0,0,1,0,0,53,44,0,3,55,0
3,3:9,3:10,12730,0,30,0,0,0,60,51,0,0,52,0
3,3:10,3:11,2008,30,0,0,0,0,20,16,0,2,23,0
3,3:11,3:12,675,0,103,0,0,0,3,2,0,3,3,0
3,3:12,3:13,18925,103,0,0,0,0,91,67,0,3,105,0
3,3:13,3:14,646,0,30,0,0,0,22,17,0,2,13,0
3,3:14,3:15,9390,30,103,0,0,0,136,81,0,2,129,0
3,3:15,3:16,4016,103,30,0,0,0,146,90,0,2,140,0
3,3:16,3:17,77,30,0,0,0,0,7,4,0,1,10,0
3,3:17,3:18,4030,0,98,0,0,0,4,3,0,2,4,0
3,3:18,3:19,8387,98,0,0,0,0,55,42,0,3,55,0
3,3:19,3:20,132,0,0,1,0,0,4,2,0,0,4,0
3,3:20,3:21,103,0,99,0,0,0,3,2,0,1,20,0
3,3:21,3:22,5600,99,31,0,0,0,100,84,0,0,106,0
3,3:22,3:23,15019,31,30,0,0,0,51,34,0,3,48,0
3,3:23,3:24,73,30,100,0,0,0,5,4,0,1,11,0
3,3:24,3:25,3252,100,24,0,0,0,10,6,0,0,0,1
3,3:25,3:26,13907,24,103,0,0,0,3,2,0,3,12,0
3,3:26,3:27,4795,103,21,0,0,0,81,68,0,3,83,0
3,3:27,3:28,44382,21,0,0,0,0,40,39,0,0,40,0
3,3:28,3:29,2632,0,31,0,0,0,20,10,0,0,24,0
3,3:29,3:30,19220,31,0,0,0,0,174,94,0,2,171,0
3,3:30,3:31,19745,0,24,0,0,0,111,79,0,3,115,0
3,3:31,3:32,5456,24,102,0,0,0,24,20,0,0,26,0
3,3:32,3:33,6297,102,0,0,0,0,41,35,0,1,46,0
3,3:33,3:34,107,0,0,1,0,0,5,4,0,3,6,0
3,3:34,3:35,15559,0,31,0,0,0,127,95,0,1,132,0
3,3:35,3:36,1141,31,0,0,0,0,19,15,0,3,20,0
3,3:36,3:37,143,0,99,0,0,0,3,2,0,1,4,0
3,3:37,3:38,169,99,100,0,0,0,5,3,0,3,5,0
3,3:38,3:39,17143,100,103,0,0,0,45,31,0,1,39,0
3,3:39,3:40,4232,103,25,0,0,1,26,18,0,0,,
4,4:0,4:1,107,0,0,1,0,0,5,4,0,3,11,0
4,4:1,4:2,23385,0,102,0,0,0,45,38,0,3,35,0
4,4:2,4:3,3373,102,0,0,0,0,21,20,0,1,27,0
4,4:3,4:4,14598,0,0,1,0,0,66,51,0,0,39,0
4,4:4,4:5,4274,0,103,0,0,0,88,81,0,2,90,0
4,4:5,4:6,693,103,31,0,0,0,7,5,0,1,5,0
4,4:6,4:7,217,31,0,0,0,0,1,1,0,1,3,0
4,4:7,4:8,886,0,30,0,0,0,22,17,0,0,24,0
4,4:8,4:9,4639,30,30,1,0,0,37,25,0,1,43,0
4,4:9,4:10,1887,30,24,0,0,0,53,39,0,1,45,0
4,4:10,4:11,281,24,0,0,0,0,19,10,0,3,24,0
4,4:11,4:12,164,0,100,0,0,0,2,2,0,0,3,0
4,4:12,4:13,2362,100,31,0,0,0,8,5,0,0,9,0
4,4:13,4:14,19936,31,0,0,0,0,34,18,0,0,35,0
4,4:14,4:15,15212,0,103,0,0,0,54,34,0,0,60,0
4,4:15,4:16,21665,103,102,0,0,0,155,79,0,1,154,0
4,4:16,4:17,15679,102,0,0,0,0,151,94,0,3,140,0
4,4:17,4:18,516,0,31,0,0,0,34,22,0,0,35,0
4,4:18,4:19,13021,31,30,0,0,0,29,19,0,3,26,0
4,4:19,4:20,1920,30,24,0,0,0,6,6,0,2,3,0
4,4:20,4:21,17566,24,0,0,0,0,108,77,0,2,116,0
4,4:21,4:22,147,0,99,0,0,0,3,2,0,1,3,0
4,4:22,4:23,7808,99,0,0,0,0,114,62,0,0,119,0
4,4:23,4:24,12488,0,103,0,0,0,40,28,0,2,47,0
4,4:24,4:25,32991,103,16,0,0,0,177,104,0,3,172,0
4,4:25,4:26,215,16,0,0,0,0,7,6,0,1,5,0
4,4:26,4:27,1354,0,0,1,0,0,112,67,0,0,116,0
4,4:27,4:28,8460,0,102,0,0,0,84,78,0,0,85,0
4,4:28,4:29,7662,102,25,0,0,0,98,53,0,2,100,0
4,4:29,4:30,201,25,30,0,0,0,5,3,0,3,1,0
4,4:30,4:31,6776,30,24,0,0,0,192,118,0,0,190,0
4,4:31,4:32,18850,24,24,1,0,0,130,69,0,2,134,0
4,4:32,4:33,19588,24,102,0,0,0,162,120,0,2,149,0
4,4:33,4:34,167,102,24,0,0,0,5,4,0,1,9,0
4,4:34,4:35,2079,24,0,0,0,1,71,67,0,3,,
5,5:0,5:1,5213,0,100,0,0,0,21,11,0,3,16,0
5,5:1,5:2,3040,100,103,0,0,0,62,42,0,2,53,0
5,5:2,5:3,319,103,30,0,0,0,21,18,0,1,26,0
5,5:3,5:4,4727,30,0,0,0,0,59,34,0,3,56,0
5,5:4,5:5,1134,0,0,1,0,0,32,29,0,0,29,0
5,5:5,5:6,6526,0,0,1,0,0,40,33,0,2,27,0
5,5:6,5:7,1287,0,0,1,0,0,39,28,0,3,34,0
5,5:7,5:8,2730,0,0,1,0,0,58,37,0,0,58,0
5,5:8,5:9,6991,0,0,1,0,0,57,44,0,3,58,0
5,5:9,5:10,1093,0,100,0,0,0,55,42,0,1,57,0
5,5:10,5:11,5840,100,31,0,0,0,14,10,0,0,18,0
5,5:11,5:12,11052,31,24,0,0,0,62,58,0,0,69,0
5,5:12,5:13,223,24,103,0,0,0,23,17,0,1,19,0
5,5:13,5:14,4311,103,103,1,0,0,13,9,0,1,24,0
5,5:14,5:15,110,103,0,0,0,0,8,7,0,0,7,0
5,5:15,5:16,224,0,0,1,0,0,4,2,0,0,3,0
5,5:16,5:17,339,0,99,0,0,0,3,2,0,1,69,0
5,5:17,5:18,12997,99,0,0,0,0,131,80,0,1,125,0
5,5:18,5:19,12684,0,0,1,0,0,128,100,0,2,120,0
5,5:19,5:20,18225,0,0,1,0,0,73,42,0,3,73,0
5,5:20,5:21,6368,0,24,0,0,0,100,68,0,2,108,0
5,5:21,5:22,34434,24,0,0,0,0,68,65,0,2,70,0
5,5:22,5:23,3191,0,102,0,0,0,73,65,0,3,72,0
5,5:23,5:24,109,102,0,0,0,0,5,5,0,3,6,0
5,5:24,5:25,12921,0,103,0,0,0,169,106,0,1,181,0
5,5:25,5:26,5253,103,25,0,0,0,119,99,0,3,117,0
5,5:26,5:27,33597,25,0,0,0,0,51,30,0,1,51,0
5,5:27,5:28,1886,0,24,0,0,0,50,33,0,0,55,0
5,5:28,5:29,161,24,101,0,0,0,3,2,0,1,3,0
5,5:29,5:30,18552,101,0,0,0,0,66,38,0,2,69,0
5,5:30,5:31,1404,0,30,0,0,0,82,44,0,2,80,0
5,5:31,5:32,2131,30,103,0,0,0,35,28,0,3,30,0
5,5:32,5:33,763,103,30,0,0,0,15,14,0,1,18,0
5,5:33,5:34,21698,30,102,0,0,0,42,29,0,2,42,0
5,5:34,5:35,4403,102,30,0,0,0,9,5,0,3,6,0
5,5:35,5:36,77,30,0,0,0,0,7,4,0,1,6,0
5,5:36,5:37,557,0,24,0,0,0,27,19,0,3,29,0
5,5:37,5:38,1822,24,30,0,0,0,36,27,0,0,40,0
5,5:38,5:39,1867,30,0,0,0,0,61,36,0,3,55,0
5,5:39,5:40,2516,0,24,0,0,0,26,22,0,2,32,0
5,5:40,5:41,1298,24,103,0,0,0,24,17,0,2,19,0
5,5:41,5:42,12771,103,24,0,0,0,181,156,0,3,176,0
5,5:42,5:43,2899,24,0,0,0,0,15,10,0,3,20,0
5,5:43,5:44,1010,0,103,0,0,0,36,19,0,0,30,0
5,5:44,5:45,1044,103,0,0,0,0,38,20,0,0,42,0
5,5:45,5:46,8649,0,0,1,0,0,165,101,0,3,161,0
5,5:46,5:47,708,0,0,1,0,1,24,16,0,0,,
6,6:0,6:1,1764,0,0,1,0,0,12,12,0,2,27,0
6,6:1,6:2,283,0,0,1,0,0,9,8,0,3,10,0
6,6:2,6:3,988,0,103,0,0,0,14,8,0,2,6,0
6,6:3,6:4,101,103,0,0,0,0,15,10,0,1,14,0
6,6:4,6:5,14100,0,103,0,0,0,36,18,0,0,39,0
6,6:5,6:6,2250,103,0,0,0,0,24,23,0,0,29,0
6,6:6,6:7,565,0,24,0,0,0,27,17,0,1,21,0
6,6:7,6:8,79,24,100,0,0,0,5,3,0,3,10,0
6,6:8,6:9,1531,100,99,0,0,0,31,18,0,1,26,0
6,6:9,6:10,2238,99,0,0,0,0,32,25,0,0,39,0
6,6:10,6:11,100,0,92,0,0,0,6,6,0,2,3,0
6,6:11,6:12,15527,92,0,0,0,0,27,24,0,1,43,0
6,6:12,6:13,573,0,103,0,0,0,35,21,0,3,20,0
6,6:13,6:14,15677,103,24,0,0,0,105,55,0,3,95,0
6,6:14,6:15,14749,24,0,0,0,0,17,17,0,3,18,0
6,6:15,6:16,14064,0,0,1,0,0,76,66,0,2,61,0
6,6:16,6:17,8609,0,30,0,0,0,87,54,0,1,86,0
6,6:17,6:18,18013,30,25,0,0,0,115,73,0,3,118,0
6,6:18,6:19,2099,25,0,0,0,0,107,82,0,3,96,0
6,6:19,6:20,38407,0,103,0,0,0,43,32,0,3,41,0
6,6:20,6:21,12193,103,0,0,0,0,11,10,0,1,9,0
6,6:21,6:22,3919,0,30,0,0,0,93,83,0,3,86,0
6,6:22,6:23,2655,30,24,0,0,0,99,67,0,1,91,0
6,6:23,6:24,6678,24,25,0,0,0,120,113,0,0,126,0
6,6:24,6:25,2458,25,31,0,0,0,88,55,0,2,89,0
6,6:25,6:26,7836,31,103,0,0,0,134,106,0,0,139,0
6,6:26,6:27,14193,103,30,0,0,0,111,65,0,1,102,0
6,6:27,6:28,8854,30,103,0,0,0,174,117,0,2,173,0
6,6:28,6:29,8918,103,100,0,0,0,36,31,0,2,40,0
6,6:29,6:30,17192,100,24,0,0,0,164,110,0,2,171,0
6,6:30,6:31,2541,24,99,0,0,0,33,22,0,1,33,0
6,6:31,6:32,13974,99,24,0,0,0,56,31,0,2,52,0
6,6:32,6:33,14315,24,103,0,0,0,61,60,0,3,63,0
6,6:33,6:34,1187,103,30,0,0,0,37,27,0,3,45,0
6,6:34,6:35,380,30,102,0,0,0,2,2,0,2,3,0
6,6:35,6:36,5891,102,0,0,0,1,177,96,0,3,,
7,7:0,7:1,6748,0,30,0,0,0,70,38,0,0,79,0
7,7:1,7:2,562,30,0,0,0,0,2,1,0,2,3,0
7,7:2,7:3,5299,0,103,0,0,0,101,54,0,1,115,0
7,7:3,7:4,1011,103,0,0,0,0,23,17,0,1,17,0
7,7:4,7:5,8994,0,30,0,0,0,34,21,0,2,19,0
7,7:5,7:6,5521,30,103,0,0,0,61,58,0,3,65,0
7,7:6,7:7,3369,103,31,0,0,0,79,50,0,3,77,0
7,7:7,7:8,14970,31,102,0,0,0,8,7,0,0,7,0
7,7:8,7:9,951,102,16,0,0,0,41,26,0,3,42,0
7,7:9,7:10,9896,16,0,0,0,0,84,50,0,2,85,0
7,7:10,7:11,9312,0,25,0,0,0,98,80,0,2,85,0
7,7:11,7:12,11029,25,0,0,0,0,71,38,0,1,72,0
7,7:12,7:13,6738,0,0,1,0,0,24,19,0,0,22,0
7,7:13,7:14,8700,0,103,0,0,0,122,98,0,2,123,0
7,7:14,7:15,21796,103,0,0,0,0,42,26,0,0,31,0
7,7:15,7:16,3372,0,0,1,0,0,48,40,0,0,46,0
7,7:16,7:17,16435,0,103,0,0,0,7,5,0,3,9,0
7,7:17,7:18,7465,103,103,1,0,0,95,65,0,1,96,0
7,7:18,7:19,2699,103,98,0,0,0,3,3,0,3,1,0
7,7:19,7:20,8202,98,24,0,0,0,118,107,0,0,111,0
7,7:20,7:21,60,24,0,0,0,0,12,10,0,0,9,0
7,7:21,7:22,130,0,90,0,0,0,8,7,0,0,3,0
7,7:22,7:23,20418,90,30,0,0,0,186,123,0,0,187,0
7,7:23,7:24,755,30,0,0,0,0,49,41,0,1,48,0
7,7:24,7:25,687,0,103,0,0,0,55,44,0,3,54,0
7,7:25,7:26,6319,103,31,0,0,0,119,92,0,3,134,0
7,7:26,7:27,5510,31,0,0,0,0,96,67,0,0,96,0
7,7:27,7:28,4484,0,103,0,0,0,122,112,0,2,129,0
7,7:28,7:29,12678,103,30,0,0,0,32,17,0,0,29,0
7,7:29,7:30,18802,30,0,0,0,0,12,9,0,2,16,0
7,7:30,7:31,21460,0,0,1,0,0,74,66,0,2,83,0
7,7:31,7:32,107,0,0,1,0,0,5,4,0,3,6,0
7,7:32,7:33,16455,0,103,0,0,1,183,108,0,3,,
8,8:0,8:1,21491,103,0,0,0,0,83,60,0,3,76,0
8,8:1,8:2,1064,0,100,0,0,0,2,2,0,0,2,0
8,8:2,8:3,854,100,0,0,0,0,22,17,0,0,17,0
8,8:3,8:4,2473,0,102,0,0,0,53,43,0,3,55,0
8,8:4,8:5,675,102,0,0,0,0,49,38,0,3,33,0
8,8:5,8:6,6801,0,97,0,0,0,3,3,0,1,3,0
8,8:6,8:7,7945,97,103,0,0,0,57,47,0,3,49,0
8,8:7,8:8,15238,103,0,0,0,0,88,77,0,0,89,0
8,8:8,8:9,1171,0,0,1,0,0,9,8,0,1,12,0
8,8:9,8:10,1523,0,24,0,0,0,23,21,0,3,32,0
8,8:10,8:11,1561,24,0,0,0,0,85,56,0,3,84,0
8,8:11,8:12,33233,0,0,1,0,0,115,69,0,1,116,0
8,8:12,8:13,166,0,90,0,0,0,8,7,0,0,3,0
8,8:13,8:14,94,90,0,0,0,0,2,1,0,0,8,0
8,8:14,8:15,28839,0,103,0,0,0,143,101,0,1,136,0
8,8:15,8:16,2618,103,0,0,0,0,104,73,0,0,108,0
8,8:16,8:17,1027,0,0,1,0,0,69,62,0,3,72,0
8,8:17,8:18,9757,0,31,0,0,0,57,36,0,1,66,0
8,8:18,8:19,46090,31,103,0,0,0,46,37,0,2,52,0
8,8:19,8:20,19118,103,0,0,0,0,152,103,0,0,158,0
8,8:20,8:21,1054,0,0,1,0,0,8,7,0,0,8,0
8,8:21,8:22,100,0,92,0,0,0,6,6,0,2,3,0
8,8:22,8:23,11992,92,0,0,0,0,156,130,0,0,166,0
8,8:23,8:24,3335,0,31,0,0,0,153,117,0,1,162,0
8,8:24,8:25,7710,31,0,0,0,0,84,45,0,0,82,0
8,8:25,8:26,6258,0,0,1,0,0,12,9,0,0,13,0
8,8:26,8:27,14361,0,103,0,0,0,143,124,0,1,137,0
8,8:27,8:28,13525,103,102,0,0,1,133,127,0,3,,
9,9:0,9:1,7350,0,103,0,0,0,26,21,0,0,37,0
9,9:1,9:2,6925,103,31,0,0,0,7,6,0,1,8,0
9,9:2,9:3,5045,31,16,0,0,0,37,21,0,1,40,0
9,9:3,9:4,9555,16,103,0,0,0,69,59,0,3,59,0
9,9:4,9:5,153,103,0,0,0,0,5,3,0,1,4,0
9,9:5,9:6,112,0,0,1,0,0,4,2,0,0,3,0
9,9:6,9:7,103,0,99,0,0,0,3,2,0,1,28,0
9,9:7,9:8,2357,99,30,0,0,0,47,42,0,1,41,0
9,9:8,9:9,12169,30,0,0,0,0,75,61,0,3,75,0
9,9:9,9:10,2937,0,0,1,0,0,67,39,0,3,71,0
9,9:10,9:11,184,0,100,0,0,0,2,2,0,0,3,0
9,9:11,9:12,40406,100,0,0,0,0,46,29,0,0,48,0
9,9:12,9:13,8820,0,30,0,0,0,70,50,0,2,66,0
9,9:13,9:14,3296,30,0,0,0,0,72,68,0,2,70,0
9,9:14,9:15,20457,0,24,0,0,0,97,61,0,1,103,0
9,9:15,9:16,13562,24,0,0,0,0,116,95,0,2,106,0
9,9:16,9:17,590,0,31,0,0,0,16,11,0,0,13,0
9,9:17,9:18,2326,31,0,0,0,0,20,13,0,0,23,0
9,9:18,9:19,8187,0,24,0,0,0,131,97,0,3,144,0
9,9:19,9:20,16659,24,103,0,0,0,149,105,0,3,154,0
9,9:20,9:21,18725,103,0,0,0,0,121,117,0,3,129,0
9,9:21,9:22,23283,0,103,0,0,0,35,28,0,3,38,0
9,9:22,9:23,10407,103,24,0,0,0,119,83,0,1,124,0
9,9:23,9:24,254,24,102,0,0,0,2,1,0,0,1,0
9,9:24,9:25,33428,102,26,0,0,0,50,44,0,2,44,0
9,9:25,9:26,11029,26,0,0,0,0,117,86,0,1,108,0
9,9:26,9:27,212,0,0,1,0,0,4,2,0,0,13,0
9,9:27,9:28,5981,0,30,0,0,0,159,98,0,1,154,0
9,9:28,9:29,328,30,103,0,0,0,16,16,0,0,16,0
9,9:29,9:30,148,103,99,0,0,0,2,2,0,2,4,0
9,9:30,9:31,117,99,0,0,0,0,7,5,0,3,3,0
9,9:31,9:32,103,0,99,0,0,1,3,2,0,1,,
10,10:0,10:1,583,0,0,1,0,0,7,6,0,3,10,0
10,10:1,10:2,1149,0,0,1,0,0,5,3,0,1,12,0
10,10:2,10:3,838,0,16,0,0,0,16,9,0,0,24,0
10,10:3,10:4,677,16,103,0,0,0,23,12,0,3,16,0
10,10:4,10:5,4048,103,0,0,0,0,16,16,0,2,21,0
10,10:5,10:6,5476,0,24,0,0,0,26,26,0,0,29,0
10,10:6,10:7,83,24,0,0,0,0,7,4,0,3,7,0
10,10:7,10:8,107,0,99,0,0,0,3,2,0,1,3,0
10,10:8,10:9,1927,99,0,0,0,0,51,29,0,3,52,0
10,10:9,10:10,1379,0,100,0,0,0,5,4,0,3,9,0
10,10:10,10:11,1627,100,30,0,0,0,13,10,0,3,15,0
10,10:11,10:12,585,30,30,1,0,0,29,26,0,3,38,0
10,10:12,10:13,87,30,97,0,0,0,5,3,0,3,3,0
10,10:13,10:14,886,97,103,0,0,0,44,35,0,0,40,0
10,10:14,10:15,6948,103,0,0,0,0,62,58,0,0,62,0
10,10:15,10:16,4817,0,0,1,0,0,49,41,0,3,50,0
10,10:16,10:17,2464,0,0,1,0,0,104,60,0,2,94,0
10,10:17,10:18,457,0,0,1,0,0,5,3,0,1,14,0
10,10:18,10:19,130,0,90,0,0,0,8,7,0,0,3,0
10,10:19,10:20,362,90,0,0,0,0,18,17,0,2,29,0
10,10:20,10:21,8635,0,0,1,0,0,21,19,0,1,28,0
10,10:21,10:22,7263,0,102,0,0,0,7,6,0,1,14,0
10,10:22,10:23,360,102,30,0,0,0,20,16,0,2,19,0
10,10:23,10:24,1320,30,24,0,0,0,6,4,0,2,12,0
10,10:24,10:25,2318,24,0,0,0,0,14,11,0,0,21,0
10,10:25,10:26,4901,0,30,0,0,0,5,3,0,3,5,0
10,10:26,10:27,589,30,0,0,0,0,21,12,0,1,20,0
10,10:27,10:28,1019,0,24,0,0,0,17,14,0,1,17,0
10,10:28,10:29,3178,24,103,0,0,0,64,51,0,0,65,0
10,10:29,10:30,1744,103,103,1,0,0,16,10,0,0,34,0
10,10:30,10:31,14365,103,102,0,0,0,91,51,0,3,80,0
10,10:31,10:32,31436,102,0,0,0,0,56,36,0,0,50,0
10,10:32,10:33,13989,0,30,0,0,0,91,69,0,3,89,0
10,10:33,10:34,3481,30,0,0,0,0,77,58,0,1,79,0
10,10:34,10:35,590,0,102,0,0,0,32,23,0,0,32,0
10,10:35,10:36,632,102,0,0,0,0,14,8,0,0,14,0
10,10:36,10:37,26667,0,102,0,0,0,167,111,0,1,171,0
10,10:37,10:38,5875,102,31,0,0,0,91,84,0,3,93,0
10,10:38,10:39,96,31,31,1,0,0,4,2,0,0,3,0
10,10:39,10:40,3455,31,24,0,0,0,55,40,0,1,57,0
10,10:40,10:41,3489,24,30,0,0,0,47,30,0,1,38,0
10,10:41,10:42,4938,30,24,0,0,0,68,55,0,2,70,0
10,10:42,10:43,6482,24,103,0,0,0,66,49,0,2,68,0
10,10:43,10:44,2878,103,0,0,0,0,130,85,0,2,126,0
10,10:44,10:45,1854,0,102,0,0,0,30,15,0,2,14,0
10,10:45,10:46,1679,102,24,0,0,0,43,42,0,1,53,0
10,10:46,10:47,30655,24,30,0,0,0,79,64,0,3,80,0
10,10:47,10:48,25221,30,0,0,0,0,45,33,0,1,50,0
10,10:48,10:49,4074,0,0,1,0,0,76,45,0,0,72,0
10,10:49,10:50,20166,0,0,1,0,1,128,125,0,2,,
11,11:0,11:1,3178,24,31,0,0,0,28,19,0,0,24,0
11,11:1,11:2,870,31,103,0,0,0,32,21,0,0,35,0
11,11:2,11:3,6232,103,24,0,0,0,18,12,0,2,17,0
11,11:3,11:4,2719,24,103,0,0,0,5,4,0,3,10,0
11,11:4,11:5,1987,103,100,0,0,0,25,14,0,1,21,0
11,11:5,11:6,2699,100,24,0,0,0,31,17,0,3,32,0
11,11:6,11:7,5822,24,103,0,0,0,32,21,0,2,36,0
11,11:7,11:8,43514,103,24,0,0,0,32,25,0,2,35,0
11,11:8,11:9,21080,24,0,0,0,0,26,20,0,2,19,0
11,11:9,11:10,27199,0,99,0,0,0,49,29,0,3,47,0
11,11:10,11:11,2346,99,0,0,0,0,86,45,0,2,94,0
11,11:11,11:12,26831,0,0,1,0,0,119,101,0,1,123,0
11,11:12,11:13,16670,0,0,1,0,0,108,73,0,2,102,0
11,11:13,11:14,21355,0,103,0,0,0,53,44,0,3,54,0
11,11:14,11:15,1412,103,24,0,0,0,30,24,0,2,32,0
11,11:15,11:16,15546,24,24,1,0,0,10,7,0,0,7,0
11,11:16,11:17,275,24,99,0,0,0,5,3,0,1,1,0
11,11:17,11:18,1062,99,0,0,0,0,44,25,0,2,50,0
11,11:18,11:19,10675,0,30,0,0,0,39,32,0,3,45,0
11,11:19,11:20,2020,30,103,0,0,0,42,34,0,0,47,0
11,11:20,11:21,7254,103,0,0,0,0,142,113,0,2,148,0
11,11:21,11:22,5035,0,103,0,0,0,33,28,0,3,34,0
11,11:22,11:23,9259,103,0,0,0,0,83,68,0,3,92,0
11,11:23,11:24,28828,0,25,0,0,1,86,62,0,2,,
12,12:0,12:1,6037,16,0,0,0,0,37,19,0,1,32,0
12,12:1,12:2,107,0,0,1,0,0,5,4,0,3,10,0
12,12:2,12:3,8966,0,0,1,0,0,90,57,0,2,78,0
12,12:3,12:4,16636,0,103,0,0,0,82,70,0,2,85,0
12,12:4,12:5,18820,103,102,0,0,0,48,32,0,0,34,0
12,12:5,12:6,97,102,103,0,0,0,13,13,0,3,13,0
12,12:6,12:7,720,103,103,1,0,0,12,10,0,0,16,0
12,12:7,12:8,8430,103,103,1,0,0,88,79,0,0,89,0
12,12:8,12:9,3191,103,0,0,0,0,35,21,0,1,35,0
12,12:9,12:10,7463,0,0,1,0,0,77,66,0,1,79,0
12,12:10,12:11,6544,0,30,0,0,0,126,78,0,0,134,0
12,12:11,12:12,4221,30,103,0,0,0,99,80,0,3,108,0
12,12:12,12:13,20694,103,0,0,0,0,118,105,0,2,119,0
12,12:13,12:14,3095,0,0,1,0,0,79,76,0,3,73,0
12,12:14,12:15,2537,0,24,0,0,0,97,70,0,3,93,0
12,12:15,12:16,57236,24,0,0,0,0,142,106,0,0,140,0
12,12:16,12:17,1687,0,0,1,0,0,27,18,0,3,16,0
12,12:17,12:18,22603,0,30,0,0,0,89,77,0,3,86,0
12,12:18,12:19,9920,30,98,0,0,0,70,56,0,2,67,0
12,12:19,12:20,9335,98,0,0,0,0,155,124,0,1,162,0
12,12:20,12:21,2680,0,0,1,0,0,60,38,0,0,61,0
12,12:21,12:22,107,0,0,1,0,0,5,4,0,3,6,0
12,12:22,12:23,123,0,99,0,0,0,3,2,0,1,1,0
12,12:23,12:24,9381,99,103,0,0,0,135,106,0,1,144,0
12,12:24,12:25,512,103,103,1,0,0,34,32,0,0,31,0
12,12:25,12:26,18914,103,103,1,0,0,58,43,0,0,54,0
12,12:26,12:27,19366,103,100,0,0,1,142,79,0,2,,
13,13:0,13:1,1542,0,30,0,0,0,32,27,0,2,30,0
13,13:1,13:2,356,30,103,0,0,0,6,4,0,0,9,0
13,13:2,13:3,4352,103,98,0,0,0,34,26,0,0,40,0
13,13:3,13:4,810,98,24,0,0,0,14,9,0,0,22,0
13,13:4,13:5,279,24,103,0,0,0,19,13,0,1,25,0
13,13:5,13:6,5249,103,0,0,0,0,63,45,0,3,53,0
13,13:6,13:7,115,0,99,0,0,0,3,2,0,1,3,0
13,13:7,13:8,6435,99,103,0,0,0,57,39,0,3,63,0
13,13:8,13:9,3969,103,102,0,0,0,39,26,0,3,37,0
13,13:9,13:10,19701,102,31,0,0,0,101,57,0,3,89,0
13,13:10,13:11,16820,31,30,0,0,0,64,52,0,0,69,0
13,13:11,13:12,843,30,24,0,0,0,15,13,0,1,23,0
13,13:12,13:13,32049,24,0,0,0,0,67,53,0,1,93,0
13,13:13,13:14,1381,0,0,1,0,0,31,17,0,3,25,0
13,13:14,13:15,4651,0,0,1,0,0,65,55,0,1,60,0
13,13:15,13:16,27400,0,0,1,0,0,116,80,0,2,109,0
13,13:16,13:17,6403,0,99,0,0,0,113,79,0,3,106,0
13,13:17,13:18,8422,99,21,0,0,0,38,21,0,2,33,0
13,13:18,13:19,1339,21,0,0,0,0,19,10,0,1,17,0
13,13:19,13:20,12734,0,103,0,0,0,50,45,0,2,45,0
13,13:20,13:21,4141,103,0,0,0,0,65,48,0,1,66,0
13,13:21,13:22,14406,0,0,1,0,0,66,41,0,0,66,0
13,13:22,13:23,12491,0,102,0,0,0,83,43,0,3,89,0
13,13:23,13:24,6617,102,102,1,0,0,59,39,0,3,68,0
13,13:24,13:25,20422,102,30,0,0,0,62,51,0,0,49,0
13,13:25,13:26,4580,30,0,0,0,0,88,76,0,0,76,0
13,13:26,13:27,13634,0,103,0,0,0,128,115,0,0,131,0
13,13:27,13:28,4681,103,103,1,0,0,127,68,0,3,115,0
13,13:28,13:29,10506,103,25,0,0,0,222,131,0,2,215,0
13,13:29,13:30,583,25,0,0,0,0,11,9,0,1,13,0
13,13:30,13:31,13440,0,24,0,0,1,198,148,0,2,,
14,14:0,14:1,3319,103,0,0,0,0,27,16,0,3,22,0
14,14:1,14:2,371,0,103,0,0,0,7,5,0,3,9,0
14,14:2,14:3,391,103,0,0,0,0,25,23,0,1,27,0
14,14:3,14:4,2783,0,0,1,0,0,39,26,0,1,38,0
14,14:4,14:5,6030,0,103,0,0,0,30,25,0,0,36,0
14,14:5,14:6,6472,103,31,0,0,0,46,42,0,2,53,0
14,14:6,14:7,1886,31,24,0,0,0,54,41,0,0,52,0
14,14:7,14:8,4289,24,0,0,0,0,51,43,0,1,53,0
14,14:8,14:9,9140,0,0,1,0,0,16,16,0,0,17,0
14,14:9,14:10,6159,0,103,0,0,0,45,28,0,3,44,0
14,14:10,14:11,3753,103,0,0,0,0,91,51,0,3,86,0
14,14:11,14:12,6251,0,0,1,0,0,45,36,0,3,35,0
14,14:12,14:13,3309,0,0,1,0,0,21,13,0,1,25,0
14,14:13,14:14,3602,0,25,0,0,0,90,81,0,2,92,0
14,14:14,14:15,127,25,0,0,0,0,1,1,0,1,3,0
14,14:15,14:16,1824,0,0,1,0,0,110,64,0,2,124,0
14,14:16,14:17,9407,0,0,1,0,0,85,65,0,1,85,0
14,14:17,14:18,856,0,0,1,0,0,70,40,0,2,61,0
14,14:18,14:19,9300,0,0,1,0,0,104,92,0,2,95,0
14,14:19,14:20,9783,0,30,0,0,0,133,79,0,1,123,0
14,14:20,14:21,9535,30,103,0,0,0,73,48,0,1,75,0
14,14:21,14:22,4843,103,103,1,0,0,117,94,0,1,122,0
14,14:22,14:23,5017,103,30,0,0,0,59,50,0,3,54,0
14,14:23,14:24,13593,30,30,1,0,0,123,63,0,1,117,0
14,14:24,14:25,54391,30,102,0,0,0,63,62,0,1,65,0
14,14:25,14:26,7778,102,100,0,0,0,68,37,0,0,68,0
14,14:26,14:27,7548,100,24,0,0,0,34,22,0,0,34,0
14,14:27,14:28,23520,24,30,0,0,0,114,80,0,0,103,0
14,14:28,14:29,254,30,0,0,0,0,12,7,0,2,11,0
14,14:29,14:30,7776,0,30,0,0,0,96,58,0,2,97,0
14,14:30,14:31,41670,30,103,0,0,1,108,65,0,0,,
15,15:0,15:1,2733,30,102,0,0,0,23,18,0,1,19,0
15,15:1,15:2,753,102,0,0,0,0,11,6,0,1,14,0
15,15:2,15:3,208,0,100,0,0,0,2,2,0,0,3,0
15,15:3,15:4,6598,100,24,0,0,0,44,39,0,2,49,0
15,15:4,15:5,2178,24,102,0,0,0,2,1,0,0,3,0
15,15:5,15:6,4366,102,0,0,0,0,14,11,0,0,13,0
15,15:6,15:7,2674,0,16,0,0,0,30,23,0,2,29,0
15,15:7,15:8,8113,16,103,0,0,0,29,17,0,1,29,0
15,15:8,15:9,10276,103,103,1,0,0,90,76,0,2,104,0
15,15:9,15:10,17301,103,0,0,0,0,61,33,0,1,62,0
15,15:10,15:11,10697,0,103,0,0,0,101,57,0,1,92,0
15,15:11,15:12,1604,103,30,0,0,0,126,74,0,2,120,0
15,15:12,15:13,208,30,103,0,0,0,22,20,0,0,27,0
15,15:13,15:14,7580,103,30,0,0,0,80,62,0,2,75,0
15,15:14,15:15,5864,30,24,0,0,0,48,30,0,0,45,0
15,15:15,15:16,1987,24,103,0,0,0,37,30,0,3,45,0
15,15:16,15:17,2276,103,103,1,0,0,70,58,0,2,85,0
15,15:17,15:18,23503,103,31,0,0,0,27,26,0,1,25,0
15,15:18,15:19,2709,31,103,0,0,0,41,35,0,3,42,0
15,15:19,15:20,943,103,31,0,0,0,15,8,0,1,11,0
15,15:20,15:21,9290,31,0,0,0,0,148,83,0,2,143,0
15,15:21,15:22,29577,0,31,0,0,0,81,75,0,3,80,0
15,15:22,15:23,3723,31,30,0,0,0,19,14,0,3,21,0
15,15:23,15:24,46517,30,103,0,0,0,109,89,0,1,115,0
15,15:24,15:25,401,103,0,0,0,0,17,16,0,1,16,0
15,15:25,15:26,1581,0,31,0,0,0,53,36,0,1,56,0
15,15:26,15:27,108,31,31,1,0,0,4,2,0,0,4,0
15,15:27,15:28,15689,31,0,0,0,0,113,60,0,3,117,0
15,15:28,15:29,17855,0,31,0,0,0,161,113,0,1,169,0
15,15:29,15:30,5283,31,30,0,0,0,17,10,0,3,14,0
15,15:30,15:31,15858,30,0,0,0,0,50,25,0,2,50,0
15,15:31,15:32,2436,0,0,1,0,1,22,22,0,0,,
16,16:0,16:1,82,25,0,0,0,0,6,3,0,0,10,0
16,16:1,16:2,1948,0,0,1,0,0,12,10,0,0,9,0
16,16:2,16:3,26058,0,103,0,0,0,80,45,0,2,85,0
16,16:3,16:4,12146,103,103,1,0,0,16,9,0,0,16,0
16,16:4,16:5,28998,103,103,1,0,0,96,79,0,2,94,0
16,16:5,16:6,5589,103,0,0,0,0,25,24,0,1,29,0
16,16:6,16:7,15406,0,30,0,0,0,56,51,0,2,54,0
16,16:7,16:8,4444,30,24,0,0,0,130,84,0,0,127,0
16,16:8,16:9,30471,24,102,0,0,0,35,21,0,3,32,0
16,16:9,16:10,9652,102,31,0,0,0,122,80,0,2,116,0
16,16:10,16:11,20754,31,101,0,0,0,106,71,0,0,111,0
16,16:11,16:12,5846,101,103,0,0,0,60,45,0,0,55,0
16,16:12,16:13,10185,103,100,0,0,0,3,2,0,1,19,0
16,16:13,16:14,3862,100,0,0,0,0,88,65,0,0,76,0
16,16:14,16:15,39720,0,0,1,0,0,62,60,0,0,60,0
16,16:15,16:16,414,0,102,0,0,0,2,1,0,0,4,0
16,16:16,16:17,6346,102,0,0,0,0,68,57,0,0,66,0
16,16:17,16:18,864,0,24,0,0,0,10,6,0,0,3,0
16,16:18,16:19,8216,24,100,0,0,0,74,60,0,0,70,0
16,16:19,16:20,116,100,0,0,0,0,6,4,0,0,3,0
16,16:20,16:21,103,0,99,0,0,0,3,2,0,1,16,0
16,16:21,16:22,3124,99,0,0,0,0,58,32,0,0,69,0
16,16:22,16:23,955,0,24,0,0,0,35,26,0,1,27,0
16,16:23,16:24,816,24,0,0,0,0,18,14,0,2,30,0
16,16:24,16:25,8035,0,0,1,0,0,59,45,0,1,65,0
16,16:25,16:26,7243,0,100,0,0,0,135,129,0,1,141,0
16,16:26,16:27,2310,100,102,0,0,1,54,39,0,2,,
17,17:0,17:1,1473,103,0,0,0,0,17,9,0,1,17,0
17,17:1,17:2,21967,0,0,1,0,0,47,36,0,1,53,0
17,17:2,17:3,6797,0,30,0,0,0,43,23,0,3,47,0
17,17:3,17:4,1778,30,102,0,0,0,58,49,0,0,64,0
17,17:4,17:5,2967,102,30,0,0,0,85,43,0,1,79,0
17,17:5,17:6,75,30,102,0,0,0,5,5,0,1,11,0
17,17:6,17:7,4688,102,31,0,0,0,42,36,0,0,41,0
17,17:7,17:8,14748,31,102,0,0,0,100,76,0,0,101,0
17,17:8,17:9,5337,102,102,1,0,0,17,10,0,1,14,0
17,17:9,17:10,10015,102,102,1,0,0,63,62,0,1,76,0
17,17:10,17:11,14518,102,24,0,0,0,160,81,0,2,170,0
17,17:11,17:12,1179,24,0,0,0,0,55,49,0,3,59,0
17,17:12,17:13,6581,0,24,0,0,0,131,104,0,3,131,0
17,17:13,17:14,18235,24,99,0,0,0,17,14,0,1,20,0
17,17:14,17:15,144,99,103,0,0,0,16,12,0,2,14,0
17,17:15,17:16,1369,103,0,0,0,0,57,53,0,3,61,0
17,17:16,17:17,111,0,99,0,0,0,3,2,0,1,7,0
17,17:17,17:18,18174,99,30,0,0,0,60,39,0,2,55,0
17,17:18,17:19,14820,30,0,0,0,0,72,70,0,0,82,0
17,17:19,17:20,849,0,26,0,0,0,19,18,0,1,18,0
17,17:20,17:21,19900,26,30,0,0,0,26,14,0,2,20,0
17,17:21,17:22,32965,30,0,0,0,0,169,117,0,3,161,0
17,17:22,17:23,4140,0,100,0,0,0,2,2,0,0,3,0
17,17:23,17:24,3375,100,0,0,0,0,33,32,0,3,35,0
17,17:24,17:25,2461,0,0,1,0,0,5,3,0,1,14,0
17,17:25,17:26,130,0,90,0,0,0,8,7,0,0,3,0
17,17:26,17:27,19573,90,0,0,0,1,89,85,0,1,,
18,18:0,18:1,2839,24,0,0,0,0,27,14,0,1,27,0
18,18:1,18:2,140,0,0,1,0,0,4,2,0,0,3,0
18,18:2,18:3,312,0,0,1,0,0,22,12,0,2,14,0
18,18:3,18:4,9751,0,25,0,0,0,65,45,0,3,65,0
18,18:4,18:5,4230,25,24,0,0,0,30,25,0,2,31,0
18,18:5,18:6,11325,24,24,1,0,0,13,9,0,3,16,0
18,18:6,18:7,3064,24,0,0,0,0,20,12,0,0,18,0
18,18:7,18:8,2046,0,0,1,0,0,26,23,0,2,30,0
18,18:8,18:9,7085,0,0,1,0,0,45,25,0,1,47,0
18,18:9,18:10,2604,0,103,0,0,0,64,40,0,2,55,0
18,18:10,18:11,598,103,30,0,0,0,24,13,0,0,24,0
18,18:11,18:12,13199,30,30,1,0,0,67,55,0,3,76,0
18,18:12,18:13,2905,30,30,1,0,0,79,61,0,1,83,0
18,18:13,18:14,949,30,0,0,0,0,39,22,0,1,43,0
18,18:14,18:15,52027,0,24,0,0,0,21,15,0,3,23,0
18,18:15,18:16,4997,24,0,0,0,0,75,42,0,3,73,0
18,18:16,18:17,2557,0,0,1,0,0,5,3,0,1,13,0
18,18:17,18:18,272,0,0,1,0,0,12,10,0,0,10,0
18,18:18,18:19,391,0,30,0,0,0,15,14,0,3,13,0
18,18:19,18:20,26301,30,103,0,0,0,121,63,0,1,126,0
18,18:20,18:21,2185,103,24,0,0,0,55,44,0,1,59,0
18,18:21,18:22,19327,24,102,0,0,0,91,55,0,1,91,0
18,18:22,18:23,5964,102,30,0,0,0,94,62,0,0,99,0
18,18:23,18:24,457,30,99,0,0,0,5,4,0,3,8,0
18,18:24,18:25,28118,99,103,0,0,0,116,85,0,0,112,0
18,18:25,18:26,2767,103,30,0,0,0,57,38,0,1,62,0
18,18:26,18:27,121,30,0,0,0,0,7,6,0,1,9,0
18,18:27,18:28,1300,0,98,0,0,0,4,4,0,0,17,0
18,18:28,18:29,15547,98,0,0,0,0,7,4,0,1,14,0
18,18:29,18:30,1423,0,103,0,0,0,3,2,0,3,4,0
18,18:30,18:31,2168,103,0,0,0,0,18,10,0,0,19,0
18,18:31,18:32,12788,0,0,1,0,1,180,154,0,2,,
19,19:0,19:1,20789,0,24,0,0,0,57,33,0,3,51,0
19,19:1,19:2,3066,24,103,0,0,0,40,21,0,2,39,0
19,19:2,19:3,7947,103,0,0,0,0,31,25,0,1,24,0
19,19:3,19:4,1959,0,0,1,0,0,47,46,0,3,44,0
19,19:4,19:5,100,0,92,0,0,0,6,6,0,2,3,0
19,19:5,19:6,1366,92,21,0,0,0,58,43,0,0,66,0
19,19:6,19:7,15812,21,0,0,0,0,30,24,0,0,39,0
19,19:7,19:8,8609,0,0,1,0,0,91,83,0,3,87,0
19,19:8,19:9,107,0,0,1,0,0,5,4,0,3,10,0
19,19:9,19:10,16301,0,101,0,0,0,21,21,0,1,21,0
19,19:10,19:11,4075,101,25,0,0,0,39,28,0,3,36,0
19,19:11,19:12,4181,25,24,0,0,0,99,85,0,3,97,0
19,19:12,19:13,10306,24,102,0,0,0,24,15,0,0,27,0
19,19:13,19:14,83,102,25,0,0,0,11,10,0,3,9,0
19,19:14,19:15,750,25,26,0,0,0,20,19,0,2,16,0
19,19:15,19:16,3656,26,102,0,0,0,24,14,0,2,20,0
19,19:16,19:17,1109,102,0,0,0,0,21,12,0,1,29,0
19,19:17,19:18,800,0,100,0,0,0,8,8,0,0,6,0
19,19:18,19:19,2402,100,25,0,0,0,62,49,0,0,69,0
19,19:19,19:20,29730,25,0,0,0,0,142,95,0,2,137,0
19,19:20,19:21,24337,0,0,1,0,0,113,64,0,3,117,0
19,19:21,19:22,2838,0,0,1,0,0,28,17,0,0,31,0
19,19:22,19:23,1791,0,24,0,0,0,21,12,0,1,18,0
19,19:23,19:24,34877,24,103,0,0,0,139,85,0,3,140,0
19,19:24,19:25,3730,103,102,0,0,0,62,47,0,0,68,0
19,19:25,19:26,37092,102,24,0,0,0,144,100,0,0,142,0
19,19:26,19:27,16403,24,0,0,0,1,77,72,0,1,,
20,20:0,20:1,3655,0,30,0,0,0,37,28,0,1,29,0
20,20:1,20:2,1571,30,0,0,0,0,47,31,0,3,37,0
20,20:2,20:3,5525,0,102,0,0,0,35,20,0,1,38,0
20,20:3,20:4,10317,102,0,0,0,0,69,48,0,1,58,0
20,20:4,20:5,4263,0,103,0,0,0,5,3,0,1,18,0
20,20:5,20:6,256,103,0,0,0,0,8,6,0,0,5,0
20,20:6,20:7,13502,0,102,0,0,0,68,37,0,0,66,0
20,20:7,20:8,3001,102,25,0,0,0,33,28,0,3,24,0
20,20:8,20:9,573,25,102,0,0,0,61,49,0,3,70,0
20,20:9,20:10,95,102,30,0,0,0,15,12,0,3,11,0
20,20:10,20:11,13560,30,0,0,0,0,90,54,0,2,94,0
20,20:11,20:12,1311,0,102,0,0,0,55,46,0,3,59,0
20,20:12,20:13,1235,102,0,0,0,0,13,8,0,1,16,0
20,20:13,20:14,23009,0,101,0,0,0,103,74,0,3,114,0
20,20:14,20:15,103,101,92,0,0,0,9,7,0,1,3,0
20,20:15,20:16,12210,92,0,0,0,0,54,27,0,0,48,0
20,20:16,20:17,15995,0,24,0,0,0,123,74,0,3,106,0
20,20:17,20:18,3282,24,25,0,0,0,28,17,0,0,24,0
20,20:18,20:19,1817,25,102,0,0,0,1,1,0,1,3,0
20,20:19,20:20,4121,102,31,0,0,0,77,52,0,3,78,0
20,20:20,20:21,3308,31,0,0,0,0,18,16,0,0,18,0
20,20:21,20:22,19570,0,30,0,0,0,112,73,0,2,116,0
20,20:22,20:23,489,30,0,0,0,0,23,21,0,3,37,0
20,20:23,20:24,17476,0,16,0,0,0,146,80,0,0,139,0
20,20:24,20:25,577,16,0,0,0,0,19,18,0,3,22,0
20,20:25,20:26,3957,0,0,1,0,0,139,88,0,1,140,0
20,20:26,20:27,128,0,0,1,0,0,4,2,0,0,3,0
20,20:27,20:28,4247,0,103,0,0,0,39,32,0,3,42,0
20,20:28,20:29,6742,103,24,0,0,0,100,59,0,0,98,0
20,20:29,20:30,2290,24,0,0,0,0,18,11,0,0,25,0
20,20:30,20:31,23161,0,25,0,0,0,135,116,0,1,147,0
20,20:31,20:32,9140,25,31,0,0,0,62,32,0,0,61,0
20,20:32,20:33,1916,31,0,0,0,0,68,56,0,0,71,0
20,20:33,20:34,12888,0,30,0,0,0,106,106,0,2,110,0
20,20:34,20:35,25443,30,0,0,0,0,139,105,0,1,143,0
20,20:35,20:36,1204,0,0,1,0,0,56,48,0,0,58,0
20,20:36,20:37,2315,0,0,1,0,0,45,33,0,1,47,0
20,20:37,20:38,572,0,0,1,0,1,24,16,0,0,,
21,21:0,21:1,2449,0,103,0,0,0,13,9,0,3,8,0
21,21:1,21:2,108,103,0,0,0,0,4,4,0,0,6,0
21,21:2,21:3,1639,0,0,1,0,0,35,33,0,1,35,0
21,21:3,21:4,8608,0,31,0,0,0,16,8,0,0,12,0
21,21:4,21:5,2889,31,30,0,0,0,59,43,0,1,53,0
21,21:5,21:6,1075,30,30,1,0,0,71,47,0,3,72,0
21,21:6,21:7,1943,30,0,0,0,0,17,14,0,1,12,0
21,21:7,21:8,1280,0,103,0,0,0,42,40,0,2,43,0
21,21:8,21:9,4329,103,0,0,0,0,33,18,0,1,27,0
21,21:9,21:10,8376,0,103,0,0,0,68,42,0,2,74,0
21,21:10,21:11,552,103,0,0,0,0,44,32,0,0,43,0
21,21:11,21:12,1446,0,103,0,0,0,76,63,0,2,79,0
21,21:12,21:13,1428,103,0,0,0,0,8,4,0,2,13,0
21,21:13,21:14,5168,0,0,1,0,0,28,18,0,2,24,0
21,21:14,21:15,5247,0,31,0,0,0,15,11,0,1,21,0
21,21:15,21:16,76,31,0,0,0,0,6,4,0,0,6,0
21,21:16,21:17,7579,0,24,0,0,0,25,20,0,1,23,0
21,21:17,21:18,16121,24,0,0,0,0,131,77,0,1,132,0
21,21:18,21:19,1378,0,103,0,0,0,46,37,0,2,34,0
21,21:19,21:20,9333,103,24,0,0,0,121,102,0,1,112,0
21,21:20,21:21,37149,24,103,0,0,0,105,62,0,1,112,0
21,21:21,21:22,2035,103,25,0,0,0,103,55,0,3,100,0
21,21:22,21:23,4267,25,103,0,0,0,141,80,0,3,144,0
21,21:23,21:24,3147,103,24,0,0,0,33,21,0,1,34,0
21,21:24,21:25,103,24,100,0,0,0,5,3,0,3,11,0
21,21:25,21:26,32135,100,24,0,0,0,89,75,0,1,65,0
21,21:26,21:27,1937,24,30,0,0,0,73,38,0,3,9,0
21,21:27,21:28,1425,30,0,0,0,0,13,13,0,3,23,0
21,21:28,21:29,4072,0,0,1,0,0,12,6,0,0,12,0
21,21:29,21:30,5321,0,0,1,0,0,25,13,0,3,23,0
21,21:30,21:31,16433,0,0,1,0,0,105,70,0,3,110,0
21,21:31,21:32,164,0,103,0,0,0,12,8,0,2,18,0
21,21:32,21:33,524,103,99,0,0,0,2,2,0,2,4,0
21,21:33,21:34,12558,99,0,0,0,0,114,101,0,0,119,0
21,21:34,21:35,18480,0,0,1,0,0,114,64,0,0,111,0
21,21:35,21:36,3760,0,31,0,0,0,82,50,0,2,82,0
21,21:36,21:37,9426,31,16,0,0,0,42,25,0,0,45,0
21,21:37,21:38,7273,16,0,0,0,0,61,44,0,1,59,0
21,21:38,21:39,11169,0,103,0,0,1,85,70,0,1,,
22,22:0,22:1,107,0,0,1,0,0,5,4,0,3,8,0
22,22:1,22:2,4379,0,103,0,0,0,13,9,0,1,27,0
22,22:2,22:3,1092,103,103,1,0,0,20,12,0,0,20,0
22,22:3,22:4,1137,103,102,0,0,0,39,25,0,3,55,0
22,22:4,22:5,2373,102,0,0,0,0,33,32,0,1,37,0
22,22:5,22:6,17033,0,103,0,0,0,39,24,0,1,32,0
22,22:6,22:7,13763,103,30,0,0,0,55,34,0,1,62,0
22,22:7,22:8,1546,30,0,0,0,0,44,37,0,0,50,0
22,22:8,22:9,3573,0,102,0,0,0,33,31,0,3,33,0
22,22:9,22:10,3247,102,0,0,0,0,53,45,0,1,59,0
22,22:10,22:11,4016,0,103,0,0,0,66,54,0,0,72,0
22,22:11,22:12,1523,103,103,1,0,0,85,59,0,3,91,0
22,22:12,22:13,649,103,31,0,0,0,17,16,0,1,19,0
22,22:13,22:14,553,31,0,0,0,0,1,1,0,1,3,0
22,22:14,22:15,7205,0,103,0,0,0,107,64,0,1,115,0
22,22:15,22:16,25697,103,31,0,0,0,17,15,0,1,18,0
22,22:16,22:17,243,31,31,1,0,0,17,12,0,3,24,0
22,22:17,22:18,53241,31,24,0,0,0,19,15,0,1,18,0
22,22:18,22:19,21446,24,102,0,0,0,104,61,0,0,102,0
22,22:19,22:20,517,102,30,0,0,0,29,24,0,1,40,0
22,22:20,22:21,4741,30,0,0,0,0,27,16,0,1,27,0
22,22:21,22:22,3801,0,30,0,0,0,37,21,0,3,38,0
22,22:22,22:23,10550,30,0,0,0,0,14,13,0,2,18,0
22,22:23,22:24,25800,0,103,0,0,0,172,90,0,0,172,0
22,22:24,22:25,917,103,0,0,0,0,13,8,0,1,6,0
22,22:25,22:26,18878,0,31,0,0,0,150,119,0,2,143,0
22,22:26,22:27,3029,31,30,0,0,0,35,25,0,3,31,0
22,22:27,22:28,20213,30,30,1,0,0,57,54,0,3,58,0
22,22:28,22:29,79,30,97,0,0,1,5,3,0,3,,
23,23:0,23:1,5917,102,25,0,0,0,67,44,0,1,81,0
23,23:1,23:2,4551,25,30,0,0,0,19,17,0,3,19,0
23,23:2,23:3,4132,30,31,0,0,0,60,44,0,0,66,0
23,23:3,23:4,76,31,0,0,0,0,6,4,0,0,6,0
23,23:4,23:5,9473,0,30,0,0,0,55,33,0,1,47,0
23,23:5,23:6,260,30,30,1,0,0,4,2,0,0,4,0
23,23:6,23:7,3292,30,0,0,0,0,92,68,0,0,83,0
23,23:7,23:8,200,0,100,0,0,0,2,2,0,0,3,0
23,23:8,23:9,13476,100,103,0,0,0,70,58,0,0,78,0
23,23:9,23:10,6952,103,0,0,0,0,50,36,0,2,52,0
23,23:10,23:11,8889,0,0,1,0,0,75,50,0,1,79,0
23,23:11,23:12,23629,0,25,0,0,0,97,90,0,1,90,0
23,23:12,23:13,3134,25,0,0,0,0,80,45,0,0,86,0
23,23:13,23:14,425,0,0,1,0,0,29,23,0,3,30,0
23,23:14,23:15,1155,0,100,0,0,0,27,21,0,1,33,0
23,23:15,23:16,1588,100,0,0,0,0,12,12,0,0,17,0
23,23:16,23:17,182,0,90,0,0,0,8,7,0,0,3,0
23,23:17,23:18,9686,90,31,0,0,0,110,65,0,2,109,0
23,23:18,23:19,13680,31,24,0,0,0,110,70,0,2,98,0
23,23:19,23:20,85,24,0,0,0,0,11,7,0,3,7,0
23,23:20,23:21,19262,0,31,0,0,0,70,55,0,2,68,0
23,23:21,23:22,2474,31,0,0,0,0,32,27,0,2,31,0
23,23:22,23:23,478,0,99,0,0,0,56,45,0,2,49,0
23,23:23,23:24,11750,99,103,0,0,0,92,59,0,0,110,0
23,23:24,23:25,20637,103,97,0,0,0,15,13,0,1,3,0
23,23:25,23:26,6138,97,103,0,0,0,156,91,0,0,173,0
23,23:26,23:27,1291,103,103,1,0,0,107,62,0,3,116,0
23,23:27,23:28,11614,103,0,0,0,0,54,41,0,0,43,0
23,23:28,23:29,16753,0,0,1,0,0,127,116,0,1,117,0
23,23:29,23:30,38573,0,24,0,0,1,135,86,0,3,,
