Lpred,H,threshold,deep_bin,bite_bin,deep_count_low,deep_count_high,deep_rate_low,deep_rate_high,bite_count_low,bite_count_high,bite_rate_low,bite_rate_high,n,mean_deep_rate,mean_bite_rate,events,hazard
313,312,40,0,0,18,61,0.05750798722044728,0.19488817891373802,0,0,0.0,0.0,8562,0.18703976930533886,0.0,431,0.05033870590983415
313,312,40,0,2,18,61,0.05750798722044728,0.19488817891373802,1,14,0.003194888178913738,0.04472843450479233,9937,0.18477108659956906,0.025192900577149513,1511,0.15205796518063802
313,312,40,0,3,18,61,0.05750798722044728,0.19488817891373802,15,36,0.04792332268370607,0.11501597444089456,75416,0.17939037012515643,0.09007685931004523,15920,0.21109578869205473
313,312,40,0,4,18,61,0.05750798722044728,0.19488817891373802,37,111,0.1182108626198083,0.3546325878594249,251104,0.15800618080775353,0.1763967507983108,65988,0.2627915126800051
313,312,40,1,0,62,71,0.19808306709265175,0.2268370607028754,0,0,0.0,0.0,79819,0.21692826025276082,0.0,4308,0.05397211190318095
313,312,40,1,2,62,71,0.19808306709265175,0.2268370607028754,1,14,0.003194888178913738,0.04472843450479233,55309,0.21594536232311395,0.02251538654427287,8182,0.14793252454392594
313,312,40,1,3,62,71,0.19808306709265175,0.2268370607028754,15,36,0.04792332268370607,0.11501597444089456,130688,0.21292878016133204,0.0819787751937846,25401,0.1943636753183154
313,312,40,1,4,62,71,0.19808306709265175,0.2268370607028754,37,111,0.1182108626198083,0.3546325878594249,56585,0.20931675352833007,0.14350651752106872,11861,0.20961385526199522
313,312,40,2,0,72,78,0.23003194888178913,0.24920127795527156,0,0,0.0,0.0,149915,0.24052270727628813,0.0,8001,0.05337024313777807
313,312,40,2,2,72,78,0.23003194888178913,0.24920127795527156,1,14,0.003194888178913738,0.04472843450479233,79409,0.24013868105578848,0.020080774839143525,11058,0.13925373698195417
313,312,40,2,3,72,78,0.23003194888178913,0.24920127795527156,15,36,0.04792332268370607,0.11501597444089456,75649,0.23880721696983062,0.07499365342806492,13244,0.17507171277875452
313,312,40,2,4,72,78,0.23003194888178913,0.24920127795527156,37,111,0.1182108626198083,0.3546325878594249,9944,0.23697915997317348,0.13668685212269022,2190,0.22023330651649237
313,312,40,3,0,79,86,0.2523961661341853,0.2747603833865815,0,0,0.0,0.0,221479,0.26354344501340277,0.0,10922,0.04931393044035778
313,312,40,3,2,79,86,0.2523961661341853,0.2747603833865815,1,14,0.003194888178913738,0.04472843450479233,92744,0.2630957207017745,0.01777451083873112,12654,0.13644009315966532
313,312,40,3,3,79,86,0.2523961661341853,0.2747603833865815,15,36,0.04792332268370607,0.11501597444089456,40191,0.26105744431363603,0.06956002341217012,6963,0.17324774203179816
313,312,40,3,4,79,86,0.2523961661341853,0.2747603833865815,37,111,0.1182108626198083,0.3546325878594249,2066,0.25973543975331637,0.132442496652016,484,0.23426911907066797
313,312,40,4,0,87,124,0.2779552715654952,0.3961661341853035,0,0,0.0,0.0,212738,0.2953986930243139,0.0,9855,0.04632458705073847
313,312,40,4,2,87,124,0.2779552715654952,0.3961661341853035,1,14,0.003194888178913738,0.04472843450479233,68599,0.2938896127688107,0.014862920299840213,8724,0.12717386550824356
313,312,40,4,3,87,124,0.2779552715654952,0.3961661341853035,15,36,0.04792332268370607,0.11501597444089456,10160,0.2882653895499515,0.0643310860104126,1760,0.1732283464566929
313,312,40,4,4,87,124,0.2779552715654952,0.3961661341853035,37,111,0.1182108626198083,0.3546325878594249,223,0.2863364804653362,0.13258069599851,40,0.17937219730941703
313,312,80,0,0,18,61,0.05750798722044728,0.19488817891373802,0,0,0.0,0.0,8562,0.18703976930533886,0.0,7,0.000817565989254847
313,312,80,0,2,18,61,0.05750798722044728,0.19488817891373802,1,14,0.003194888178913738,0.04472843450479233,9937,0.18477108659956906,0.025192900577149513,73,0.007346281573915669
313,312,80,0,3,18,61,0.05750798722044728,0.19488817891373802,15,36,0.04792332268370607,0.11501597444089456,75416,0.17939037012515643,0.09007685931004523,750,0.009944839291397051
313,312,80,0,4,18,61,0.05750798722044728,0.19488817891373802,37,111,0.1182108626198083,0.3546325878594249,251104,0.15800618080775353,0.1763967507983108,4699,0.018713361794316298
313,312,80,1,0,62,71,0.19808306709265175,0.2268370607028754,0,0,0.0,0.0,79819,0.21692826025276082,0.0,121,0.0015159297911524826
313,312,80,1,2,62,71,0.19808306709265175,0.2268370607028754,1,14,0.003194888178913738,0.04472843450479233,55309,0.21594536232311395,0.02251538654427287,257,0.004646621707136271
313,312,80,1,3,62,71,0.19808306709265175,0.2268370607028754,15,36,0.04792332268370607,0.11501597444089456,130688,0.21292878016133204,0.0819787751937846,925,0.007077926052889324
313,312,80,1,4,62,71,0.19808306709265175,0.2268370607028754,37,111,0.1182108626198083,0.3546325878594249,56585,0.20931675352833007,0.14350651752106872,527,0.009313422285057878
313,312,80,2,0,72,78,0.23003194888178913,0.24920127795527156,0,0,0.0,0.0,149915,0.24052270727628813,0.0,341,0.0022746222859620453
313,312,80,2,2,72,78,0.23003194888178913,0.24920127795527156,1,14,0.003194888178913738,0.04472843450479233,79409,0.24013868105578848,0.020080774839143525,366,0.004609049352088554
313,312,80,2,3,72,78,0.23003194888178913,0.24920127795527156,15,36,0.04792332268370607,0.11501597444089456,75649,0.23880721696983062,0.07499365342806492,462,0.006107152771351902
313,312,80,2,4,72,78,0.23003194888178913,0.24920127795527156,37,111,0.1182108626198083,0.3546325878594249,9944,0.23697915997317348,0.13668685212269022,135,0.013576025744167337
313,312,80,3,0,79,86,0.2523961661341853,0.2747603833865815,0,0,0.0,0.0,221479,0.26354344501340277,0.0,301,0.0013590453270964742
313,312,80,3,2,79,86,0.2523961661341853,0.2747603833865815,1,14,0.003194888178913738,0.04472843450479233,92744,0.2630957207017745,0.01777451083873112,312,0.003364099025273872
313,312,80,3,3,79,86,0.2523961661341853,0.2747603833865815,15,36,0.04792332268370607,0.11501597444089456,40191,0.26105744431363603,0.06956002341217012,195,0.004851832499813391
313,312,80,3,4,79,86,0.2523961661341853,0.2747603833865815,37,111,0.1182108626198083,0.3546325878594249,2066,0.25973543975331637,0.132442496652016,36,0.017424975798644726
313,312,80,4,0,87,124,0.2779552715654952,0.3961661341853035,0,0,0.0,0.0,212738,0.2953986930243139,0.0,339,0.0015935093871334693
313,312,80,4,2,87,124,0.2779552715654952,0.3961661341853035,1,14,0.003194888178913738,0.04472843450479233,68599,0.2938896127688107,0.014862920299840213,252,0.0036735229376521523
313,312,80,4,3,87,124,0.2779552715654952,0.3961661341853035,15,36,0.04792332268370607,0.11501597444089456,10160,0.2882653895499515,0.0643310860104126,23,0.002263779527559055
313,312,80,4,4,87,124,0.2779552715654952,0.3961661341853035,37,111,0.1182108626198083,0.3546325878594249,223,0.2863364804653362,0.13258069599851,0,0.0
313,1040,40,0,0,18,61,0.05750798722044728,0.19488817891373802,0,0,0.0,0.0,8562,0.18703976930533886,0.0,1952,0.22798411586078018
313,1040,40,0,2,18,61,0.05750798722044728,0.19488817891373802,1,14,0.003194888178913738,0.04472843450479233,9928,0.18476802949285792,0.025181949010510535,3753,0.37802175664786464
313,1040,40,0,3,18,61,0.05750798722044728,0.19488817891373802,15,36,0.04792332268370607,0.11501597444089456,74999,0.1794538943160902,0.0900769837740691,35048,0.4673128975053001
313,1040,40,0,4,18,61,0.05750798722044728,0.19488817891373802,37,111,0.1182108626198083,0.3546325878594249,250280,0.15799207124438858,0.17643349991140553,129849,0.5188149272814447
313,1040,40,1,0,62,71,0.19808306709265175,0.2268370607028754,0,0,0.0,0.0,79691,0.21692188634515466,0.0,17510,0.21972368272452347
313,1040,40,1,2,62,71,0.19808306709265175,0.2268370607028754,1,14,0.003194888178913738,0.04472843450479233,55144,0.21594127764937524,0.022495387041262666,21550,0.3907950094298564
313,1040,40,1,3,62,71,0.19808306709265175,0.2268370607028754,15,36,0.04792332268370607,0.11501597444089456,130337,0.2129318440932133,0.08197719252287824,57157,0.43853241980404645
313,1040,40,1,4,62,71,0.19808306709265175,0.2268370607028754,37,111,0.1182108626198083,0.3546325878594249,56409,0.20932257824623648,0.14349159269613226,27112,0.48063252317892535
313,1040,40,2,0,72,78,0.23003194888178913,0.24920127795527156,0,0,0.0,0.0,149442,0.24052095734352555,0.0,33194,0.22211961831345942
313,1040,40,2,2,72,78,0.23003194888178913,0.24920127795527156,1,14,0.003194888178913738,0.04472843450479233,79231,0.24014783802589929,0.02007967723931932,29559,0.37307367065921165
313,1040,40,2,3,72,78,0.23003194888178913,0.24920127795527156,15,36,0.04792332268370607,0.11501597444089456,75473,0.2388039325491131,0.07499531495702556,31577,0.4183880328064341
313,1040,40,2,4,72,78,0.23003194888178913,0.24920127795527156,37,111,0.1182108626198083,0.3546325878594249,9933,0.23697945564355408,0.1366966985512241,4878,0.4910903050437934
313,1040,40,3,0,79,86,0.2523961661341853,0.2747603833865815,0,0,0.0,0.0,220988,0.2635475096416062,0.0,46203,0.20907470088873603
313,1040,40,3,2,79,86,0.2523961661341853,0.2747603833865815,1,14,0.003194888178913738,0.04472843450479233,92596,0.26309374179246015,0.017767105914916016,33140,0.3578988293230809
313,1040,40,3,3,79,86,0.2523961661341853,0.2747603833865815,15,36,0.04792332268370607,0.11501597444089456,40091,0.2610569739784583,0.06954904429483778,16664,0.41565438627123297
313,1040,40,3,4,79,86,0.2523961661341853,0.2747603833865815,37,111,0.1182108626198083,0.3546325878594249,2066,0.25973543975331637,0.132442496652016,1052,0.5091965150048403
313,1040,40,4,0,87,124,0.2779552715654952,0.3961661341853035,0,0,0.0,0.0,212313,0.29540062535644424,0.0,42197,0.19874901678182683
313,1040,40,4,2,87,124,0.2779552715654952,0.3961661341853035,1,14,0.003194888178913738,0.04472843450479233,68322,0.2938623748678395,0.014853877892444377,23078,0.33778285179005296
313,1040,40,4,3,87,124,0.2779552715654952,0.3961661341853035,15,36,0.04792332268370607,0.11501597444089456,10141,0.28827557005330584,0.06432654208251291,3994,0.3938467606744897
313,1040,40,4,4,87,124,0.2779552715654952,0.3961661341853035,37,111,0.1182108626198083,0.3546325878594249,223,0.2863364804653362,0.13258069599851,119,0.5336322869955157
313,1040,80,0,0,18,61,0.05750798722044728,0.19488817891373802,0,0,0.0,0.0,8562,0.18703976930533886,0.0,100,0.011679514132212099
313,1040,80,0,2,18,61,0.05750798722044728,0.19488817891373802,1,14,0.003194888178913738,0.04472843450479233,9928,0.18476802949285792,0.025181949010510535,190,0.019137792103142627
313,1040,80,0,3,18,61,0.05750798722044728,0.19488817891373802,15,36,0.04792332268370607,0.11501597444089456,74999,0.1794538943160902,0.0900769837740691,1730,0.023066974226323016
313,1040,80,0,4,18,61,0.05750798722044728,0.19488817891373802,37,111,0.1182108626198083,0.3546325878594249,250280,0.15799207124438858,0.17643349991140553,8235,0.03290314847370945
313,1040,80,1,0,62,71,0.19808306709265175,0.2268370607028754,0,0,0.0,0.0,79691,0.21692188634515466,0.0,666,0.008357279993976735
313,1040,80,1,2,62,71,0.19808306709265175,0.2268370607028754,1,14,0.003194888178913738,0.04472843450479233,55144,0.21594127764937524,0.022495387041262666,894,0.01621209923110402
313,1040,80,1,3,62,71,0.19808306709265175,0.2268370607028754,15,36,0.04792332268370607,0.11501597444089456,130337,0.2129318440932133,0.08197719252287824,2451,0.018805097554800247
313,1040,80,1,4,62,71,0.19808306709265175,0.2268370607028754,37,111,0.1182108626198083,0.3546325878594249,56409,0.20932257824623648,0.14349159269613226,1379,0.024446453580102466
313,1040,80,2,0,72,78,0.23003194888178913,0.24920127795527156,0,0,0.0,0.0,149442,0.24052095734352555,0.0,1566,0.010478981812341913
313,1040,80,2,2,72,78,0.23003194888178913,0.24920127795527156,1,14,0.003194888178913738,0.04472843450479233,79231,0.24014783802589929,0.02007967723931932,1168,0.01474170463581174
313,1040,80,2,3,72,78,0.23003194888178913,0.24920127795527156,15,36,0.04792332268370607,0.11501597444089456,75473,0.2388039325491131,0.07499531495702556,1204,0.015952724815496932
313,1040,80,2,4,72,78,0.23003194888178913,0.24920127795527156,37,111,0.1182108626198083,0.3546325878594249,9933,0.23697945564355408,0.1366966985512241,303,0.030504379341588644
313,1040,80,3,0,79,86,0.2523961661341853,0.2747603833865815,0,0,0.0,0.0,220988,0.2635475096416062,0.0,2269,0.010267525838507069
313,1040,80,3,2,79,86,0.2523961661341853,0.2747603833865815,1,14,0.003194888178913738,0.04472843450479233,92596,0.26309374179246015,0.017767105914916016,1511,0.01631819949025876
313,1040,80,3,3,79,86,0.2523961661341853,0.2747603833865815,15,36,0.04792332268370607,0.11501597444089456,40091,0.2610569739784583,0.06954904429483778,708,0.017659823900626075
313,1040,80,3,4,79,86,0.2523961661341853,0.2747603833865815,37,111,0.1182108626198083,0.3546325878594249,2066,0.25973543975331637,0.132442496652016,69,0.03339787028073572
313,1040,80,4,0,87,124,0.2779552715654952,0.3961661341853035,0,0,0.0,0.0,212313,0.29540062535644424,0.0,1621,0.00763495405368489
313,1040,80,4,2,87,124,0.2779552715654952,0.3961661341853035,1,14,0.003194888178913738,0.04472843450479233,68322,0.2938623748678395,0.014853877892444377,942,0.013787652586282603
313,1040,80,4,3,87,124,0.2779552715654952,0.3961661341853035,15,36,0.04792332268370607,0.11501597444089456,10141,0.28827557005330584,0.06432654208251291,173,0.01705946159155902
313,1040,80,4,4,87,124,0.2779552715654952,0.3961661341853035,37,111,0.1182108626198083,0.3546325878594249,223,0.2863364804653362,0.13258069599851,1,0.004484304932735426
1040,312,40,0,0,106,214,0.10192307692307692,0.20576923076923076,0,1,0.0,0.0009615384615384616,49,0.20319858712715855,0.0,0,0.0
1040,312,40,0,1,106,214,0.10192307692307692,0.20576923076923076,2,28,0.0019230769230769232,0.026923076923076925,420,0.20197573260073395,0.01934523809523819,13,0.030952380952380953
1040,312,40,0,2,106,214,0.10192307692307692,0.20576923076923076,29,61,0.027884615384615386,0.058653846153846154,7889,0.20050886336378582,0.048959237302186466,1206,0.15287108632272786
1040,312,40,0,3,106,214,0.10192307692307692,0.20576923076923076,62,101,0.05961538461538462,0.09711538461538462,64904,0.1970082441286367,0.08301104767748978,11673,0.1798502403549858
1040,312,40,0,4,106,214,0.10192307692307692,0.20576923076923076,102,308,0.09807692307692308,0.29615384615384616,258154,0.18173776788574128,0.138632754092492,62262,0.24118162027317028
1040,312,40,1,0,215,238,0.20673076923076922,0.22884615384615384,0,1,0.0,0.0009615384615384616,6436,0.22358966390974014,8.889300568915206e-05,170,0.026413921690490987
1040,312,40,1,1,215,238,0.20673076923076922,0.22884615384615384,2,28,0.0019230769230769232,0.026923076923076925,16861,0.22291929943015718,0.01664189777958105,2128,0.12620840994009846
1040,312,40,1,2,215,238,0.20673076923076922,0.22884615384615384,29,61,0.027884615384615386,0.058653846153846154,84290,0.22061172736980394,0.046333046624758976,12703,0.1507058963103571
1040,312,40,1,3,215,238,0.20673076923076922,0.22884615384615384,62,101,0.05961538461538462,0.09711538461538462,159659,0.2181279982771005,0.07811245674073485,27153,0.1700687089359197
1040,312,40,1,4,215,238,0.20673076923076922,0.22884615384615384,102,308,0.09807692307692308,0.29615384615384616,60576,0.21460152408668945,0.11269724110088541,12210,0.20156497622820918
1040,312,40,2,0,239,256,0.2298076923076923,0.24615384615384617,0,1,0.0,0.0009615384615384616,51531,0.2403427809697478,9.497643688714405e-05,2169,0.042091168422891075
1040,312,40,2,1,239,256,0.2298076923076923,0.24615384615384617,2,28,0.0019230769230769232,0.026923076923076925,69372,0.23939071239106532,0.015576792787154148,7738,0.11154356224413307
1040,312,40,2,2,239,256,0.2298076923076923,0.24615384615384617,29,61,0.027884615384615386,0.058653846153846154,125380,0.23807472207548253,0.0431270706284076,17703,0.14119476790556706
1040,312,40,2,3,239,256,0.2298076923076923,0.24615384615384617,62,101,0.05961538461538462,0.09711538461538462,75100,0.2364514109391655,0.07319050240701039,12057,0.16054593874833556
1040,312,40,2,4,239,256,0.2298076923076923,0.24615384615384617,102,308,0.09807692307692308,0.29615384615384616,5572,0.23475895963333807,0.10789507289193395,888,0.15936826992103373
1040,312,40,3,0,257,272,0.24711538461538463,0.26153846153846155,0,1,0.0,0.0009615384615384616,117077,0.2549405026673368,0.00011964512506892926,4161,0.03554071252252791
1040,312,40,3,1,257,272,0.24711538461538463,0.26153846153846155,2,28,0.0019230769230769232,0.026923076923076925,103689,0.2545870250313205,0.013543950215022924,11098,0.10703160412387042
1040,312,40,3,2,257,272,0.24711538461538463,0.26153846153846155,29,61,0.027884615384615386,0.058653846153846154,79477,0.2533182797926671,0.04027006845715097,10238,0.12881714206625816
1040,312,40,3,3,257,272,0.24711538461538463,0.26153846153846155,62,101,0.05961538461538462,0.09711538461538462,15761,0.25212446252432646,0.06974347586301177,2031,0.1288623818285642
1040,312,40,3,4,257,272,0.24711538461538463,0.26153846153846155,102,308,0.09807692307692308,0.29615384615384616,283,0.25049945637401483,0.10443055178037546,59,0.20848056537102475
1040,312,40,4,0,273,349,0.2625,0.33557692307692305,0,1,0.0,0.0009615384615384616,183369,0.2752000904439305,0.00010832507969430816,6153,0.03355529015264303
1040,312,40,4,1,273,349,0.2625,0.33557692307692305,2,28,0.0019230769230769232,0.026923076923076925,111237,0.2734950358936457,0.011324529884555793,10735,0.09650565908825301
1040,312,40,4,2,273,349,0.2625,0.33557692307692305,29,61,0.027884615384615386,0.058653846153846154,27347,0.2703519370707721,0.03727089316505264,3377,0.12348703696932022
1040,312,40,4,3,273,349,0.2625,0.33557692307692305,62,101,0.05961538461538462,0.09711538461538462,1743,0.2673738911690684,0.06783121496976974,281,0.16121629374641422
1040,312,80,0,0,106,214,0.10192307692307692,0.20576923076923076,0,1,0.0,0.0009615384615384616,49,0.20319858712715855,0.0,0,0.0
1040,312,80,0,1,106,214,0.10192307692307692,0.20576923076923076,2,28,0.0019230769230769232,0.026923076923076925,420,0.20197573260073395,0.01934523809523819,0,0.0
1040,312,80,0,2,106,214,0.10192307692307692,0.20576923076923076,29,61,0.027884615384615386,0.058653846153846154,7889,0.20050886336378582,0.048959237302186466,73,0.009253390797312714
1040,312,80,0,3,106,214,0.10192307692307692,0.20576923076923076,62,101,0.05961538461538462,0.09711538461538462,64904,0.1970082441286367,0.08301104767748978,694,0.01069271539504499
1040,312,80,0,4,106,214,0.10192307692307692,0.20576923076923076,102,308,0.09807692307692308,0.29615384615384616,258154,0.18173776788574128,0.138632754092492,3583,0.013879312348443177
1040,312,80,1,0,215,238,0.20673076923076922,0.22884615384615384,0,1,0.0,0.0009615384615384616,6436,0.22358966390974014,8.889300568915206e-05,13,0.0020198881292728403
1040,312,80,1,1,215,238,0.20673076923076922,0.22884615384615384,2,28,0.0019230769230769232,0.026923076923076925,16861,0.22291929943015718,0.01664189777958105,53,0.003143348555838918
1040,312,80,1,2,215,238,0.20673076923076922,0.22884615384615384,29,61,0.027884615384615386,0.058653846153846154,84290,0.22061172736980394,0.046333046624758976,695,0.00824534345711235
1040,312,80,1,3,215,238,0.20673076923076922,0.22884615384615384,62,101,0.05961538461538462,0.09711538461538462,159659,0.2181279982771005,0.07811245674073485,1267,0.007935662881516231
1040,312,80,1,4,215,238,0.20673076923076922,0.22884615384615384,102,308,0.09807692307692308,0.29615384615384616,60576,0.21460152408668945,0.11269724110088541,670,0.011060486001056524
1040,312,80,2,0,239,256,0.2298076923076923,0.24615384615384617,0,1,0.0,0.0009615384615384616,51531,0.2403427809697478,9.497643688714405e-05,17,0.00032989850769439755
1040,312,80,2,1,239,256,0.2298076923076923,0.24615384615384617,2,28,0.0019230769230769232,0.026923076923076925,69372,0.23939071239106532,0.015576792787154148,223,0.003214553422129966
1040,312,80,2,2,239,256,0.2298076923076923,0.24615384615384617,29,61,0.027884615384615386,0.058653846153846154,125380,0.23807472207548253,0.0431270706284076,627,0.005000797575370873
1040,312,80,2,3,239,256,0.2298076923076923,0.24615384615384617,62,101,0.05961538461538462,0.09711538461538462,75100,0.2364514109391655,0.07319050240701039,400,0.005326231691078562
1040,312,80,2,4,239,256,0.2298076923076923,0.24615384615384617,102,308,0.09807692307692308,0.29615384615384616,5572,0.23475895963333807,0.10789507289193395,30,0.005384063173007897
1040,312,80,3,0,257,272,0.24711538461538463,0.26153846153846155,0,1,0.0,0.0009615384615384616,117077,0.2549405026673368,0.00011964512506892926,155,0.0013239150302792179
1040,312,80,3,1,257,272,0.24711538461538463,0.26153846153846155,2,28,0.0019230769230769232,0.026923076923076925,103689,0.2545870250313205,0.013543950215022924,239,0.002304969668913771
1040,312,80,3,2,257,272,0.24711538461538463,0.26153846153846155,29,61,0.027884615384615386,0.058653846153846154,79477,0.2533182797926671,0.04027006845715097,465,0.005850749273374687
1040,312,80,3,3,257,272,0.24711538461538463,0.26153846153846155,62,101,0.05961538461538462,0.09711538461538462,15761,0.25212446252432646,0.06974347586301177,11,0.0006979252585495844
1040,312,80,3,4,257,272,0.24711538461538463,0.26153846153846155,102,308,0.09807692307692308,0.29615384615384616,283,0.25049945637401483,0.10443055178037546,0,0.0
1040,312,80,4,0,273,349,0.2625,0.33557692307692305,0,1,0.0,0.0009615384615384616,183369,0.2752000904439305,0.00010832507969430816,362,0.001974161390420409
1040,312,80,4,1,273,349,0.2625,0.33557692307692305,2,28,0.0019230769230769232,0.026923076923076925,111237,0.2734950358936457,0.011324529884555793,343,0.0030835063872632308
1040,312,80,4,2,273,349,0.2625,0.33557692307692305,29,61,0.027884615384615386,0.058653846153846154,27347,0.2703519370707721,0.03727089316505264,95,0.0034738728196877173
1040,312,80,4,3,273,349,0.2625,0.33557692307692305,62,101,0.05961538461538462,0.09711538461538462,1743,0.2673738911690684,0.06783121496976974,0,0.0
1040,1040,40,0,0,106,214,0.10192307692307692,0.20576923076923076,0,1,0.0,0.0009615384615384616,49,0.20319858712715855,0.0,0,0.0
1040,1040,40,0,1,106,214,0.10192307692307692,0.20576923076923076,2,28,0.0019230769230769232,0.026923076923076925,420,0.20197573260073395,0.01934523809523819,100,0.23809523809523808
1040,1040,40,0,2,106,214,0.10192307692307692,0.20576923076923076,29,61,0.027884615384615386,0.058653846153846154,7879,0.20050682437247774,0.048950716119776395,3060,0.3883741591572535
1040,1040,40,0,3,106,214,0.10192307692307692,0.20576923076923076,62,101,0.05961538461538462,0.09711538461538462,64503,0.19702522780696458,0.08300289253091181,27240,0.42230593925863913
1040,1040,40,0,4,106,214,0.10192307692307692,0.20576923076923076,102,308,0.09807692307692308,0.29615384615384616,257628,0.18173147836298364,0.13867524477747525,130445,0.5063308336050429
1040,1040,40,1,0,215,238,0.20673076923076922,0.22884615384615384,0,1,0.0,0.0009615384615384616,6432,0.223587142412937,8.8948287409108e-05,1076,0.16728855721393035
1040,1040,40,1,1,215,238,0.20673076923076922,0.22884615384615384,2,28,0.0019230769230769232,0.026923076923076925,16847,0.22291899721929245,0.016634837976173378,5563,0.330207158544548
1040,1040,40,1,2,215,238,0.20673076923076922,0.22884615384615384,29,61,0.027884615384615386,0.058653846153846154,84026,0.22062344713816667,0.04633038262883107,33448,0.3980672648941994
1040,1040,40,1,3,215,238,0.20673076923076922,0.22884615384615384,62,101,0.05961538461538462,0.09711538461538462,159255,0.21813007320142414,0.07810075399154015,65577,0.4117735706885184
1040,1040,40,1,4,215,238,0.20673076923076922,0.22884615384615384,102,308,0.09807692307692308,0.29615384615384616,60493,0.21460284978933183,0.11270798655668199,27257,0.45058105896550016
1040,1040,40,2,0,239,256,0.2298076923076923,0.24615384615384617,0,1,0.0,0.0009615384615384616,51189,0.24032892057635322,9.51038158739158e-05,9003,0.17587762995956163
1040,1040,40,2,1,239,256,0.2298076923076923,0.24615384615384617,2,28,0.0019230769230769232,0.026923076923076925,69149,0.23938323820235405,0.015591915784972507,20621,0.29821110934359135
1040,1040,40,2,2,239,256,0.2298076923076923,0.24615384615384617,29,61,0.027884615384615386,0.058653846153846154,125319,0.23807602229860914,0.04312695539448954,45324,0.36166902065927753
1040,1040,40,2,3,239,256,0.2298076923076923,0.24615384615384617,62,101,0.05961538461538462,0.09711538461538462,74913,0.23644460907977105,0.07318350825415364,28782,0.3842056785871611
1040,1040,40,2,4,239,256,0.2298076923076923,0.24615384615384617,102,308,0.09807692307692308,0.29615384615384616,5519,0.23473159156481074,0.10791182906602562,2207,0.3998912846530169
1040,1040,40,3,0,257,272,0.24711538461538463,0.26153846153846155,0,1,0.0,0.0009615384615384616,116605,0.25494449538724634,0.00011991503201144912,20859,0.178885982590798
1040,1040,40,3,1,257,272,0.24711538461538463,0.26153846153846155,2,28,0.0019230769230769232,0.026923076923076925,103422,0.2545885007357036,0.013544386107398353,30811,0.2979153371623059
1040,1040,40,3,2,257,272,0.24711538461538463,0.26153846153846155,29,61,0.027884615384615386,0.058653846153846154,79112,0.2533099738832406,0.04027182494924138,27633,0.34928961472343006
1040,1040,40,3,3,257,272,0.24711538461538463,0.26153846153846155,62,101,0.05961538461538462,0.09711538461538462,15754,0.2521266882159199,0.06974309332916705,5666,0.35965469087215945
1040,1040,40,3,4,257,272,0.24711538461538463,0.26153846153846155,102,308,0.09807692307692308,0.29615384615384616,283,0.25049945637401483,0.10443055178037546,165,0.5830388692579506
1040,1040,40,4,0,273,349,0.2625,0.33557692307692305,0,1,0.0,0.0009615384615384616,183113,0.27521139216682494,0.0001084555186394163,29323,0.16013609082916014
1040,1040,40,4,1,273,349,0.2625,0.33557692307692305,2,28,0.0019230769230769232,0.026923076923076925,110950,0.2734989340313502,0.01130543904044664,32521,0.2931140153222172
1040,1040,40,4,2,273,349,0.2625,0.33557692307692305,29,61,0.027884615384615386,0.058653846153846154,27205,0.2703661303775263,0.037288217663611116,9493,0.34894320896893954
1040,1040,40,4,3,273,349,0.2625,0.33557692307692305,62,101,0.05961538461538462,0.09711538461538462,1743,0.2673738911690684,0.06783121496976974,555,0.31841652323580033
1040,1040,80,0,0,106,214,0.10192307692307692,0.20576923076923076,0,1,0.0,0.0009615384615384616,49,0.20319858712715855,0.0,0,0.0
1040,1040,80,0,1,106,214,0.10192307692307692,0.20576923076923076,2,28,0.0019230769230769232,0.026923076923076925,420,0.20197573260073395,0.01934523809523819,0,0.0
1040,1040,80,0,2,106,214,0.10192307692307692,0.20576923076923076,29,61,0.027884615384615386,0.058653846153846154,7879,0.20050682437247774,0.048950716119776395,98,0.012438126665820535
1040,1040,80,0,3,106,214,0.10192307692307692,0.20576923076923076,62,101,0.05961538461538462,0.09711538461538462,64503,0.19702522780696458,0.08300289253091181,1227,0.019022371052509184
1040,1040,80,0,4,106,214,0.10192307692307692,0.20576923076923076,102,308,0.09807692307692308,0.29615384615384616,257628,0.18173147836298364,0.13867524477747525,7702,0.02989581877746208
1040,1040,80,1,0,215,238,0.20673076923076922,0.22884615384615384,0,1,0.0,0.0009615384615384616,6432,0.223587142412937,8.8948287409108e-05,43,0.006685323383084577
1040,1040,80,1,1,215,238,0.20673076923076922,0.22884615384615384,2,28,0.0019230769230769232,0.026923076923076925,16847,0.22291899721929245,0.016634837976173378,126,0.0074790763934231615
1040,1040,80,1,2,215,238,0.20673076923076922,0.22884615384615384,29,61,0.027884615384615386,0.058653846153846154,84026,0.22062344713816667,0.04633038262883107,1423,0.0169352343322305
1040,1040,80,1,3,215,238,0.20673076923076922,0.22884615384615384,62,101,0.05961538461538462,0.09711538461538462,159255,0.21813007320142414,0.07810075399154015,3253,0.02042636023986688
1040,1040,80,1,4,215,238,0.20673076923076922,0.22884615384615384,102,308,0.09807692307692308,0.29615384615384616,60493,0.21460284978933183,0.11270798655668199,1480,0.024465640652637496
1040,1040,80,2,0,239,256,0.2298076923076923,0.24615384615384617,0,1,0.0,0.0009615384615384616,51189,0.24032892057635322,9.51038158739158e-05,277,0.0054113188380316085
1040,1040,80,2,1,239,256,0.2298076923076923,0.24615384615384617,2,28,0.0019230769230769232,0.026923076923076925,69149,0.23938323820235405,0.015591915784972507,638,0.009226453021735673
1040,1040,80,2,2,239,256,0.2298076923076923,0.24615384615384617,29,61,0.027884615384615386,0.058653846153846154,125319,0.23807602229860914,0.04312695539448954,1773,0.014147894573049578
1040,1040,80,2,3,239,256,0.2298076923076923,0.24615384615384617,62,101,0.05961538461538462,0.09711538461538462,74913,0.23644460907977105,0.07318350825415364,1460,0.019489274224767397
1040,1040,80,2,4,239,256,0.2298076923076923,0.24615384615384617,102,308,0.09807692307692308,0.29615384615384616,5519,0.23473159156481074,0.10791182906602562,86,0.015582533067584708
1040,1040,80,3,0,257,272,0.24711538461538463,0.26153846153846155,0,1,0.0,0.0009615384615384616,116605,0.25494449538724634,0.00011991503201144912,1079,0.0092534625444878
1040,1040,80,3,1,257,272,0.24711538461538463,0.26153846153846155,2,28,0.0019230769230769232,0.026923076923076925,103422,0.2545885007357036,0.013544386107398353,1152,0.011138829262632708
1040,1040,80,3,2,257,272,0.24711538461538463,0.26153846153846155,29,61,0.027884615384615386,0.058653846153846154,79112,0.2533099738832406,0.04027182494924138,1142,0.014435231064819497
1040,1040,80,3,3,257,272,0.24711538461538463,0.26153846153846155,62,101,0.05961538461538462,0.09711538461538462,15754,0.2521266882159199,0.06974309332916705,249,0.01580550971181922
1040,1040,80,3,4,257,272,0.24711538461538463,0.26153846153846155,102,308,0.09807692307692308,0.29615384615384616,283,0.25049945637401483,0.10443055178037546,2,0.007067137809187279
1040,1040,80,4,0,273,349,0.2625,0.33557692307692305,0,1,0.0,0.0009615384615384616,183113,0.27521139216682494,0.0001084555186394163,1569,0.008568479572722854
1040,1040,80,4,1,273,349,0.2625,0.33557692307692305,2,28,0.0019230769230769232,0.026923076923076925,110950,0.2734989340313502,0.01130543904044664,1744,0.015718792248760702
1040,1040,80,4,2,273,349,0.2625,0.33557692307692305,29,61,0.027884615384615386,0.058653846153846154,27205,0.2703661303775263,0.037288217663611116,329,0.012093365190222385
1040,1040,80,4,3,273,349,0.2625,0.33557692307692305,62,101,0.05961538461538462,0.09711538461538462,1743,0.2673738911690684,0.06783121496976974,33,0.0189328743545611
3120,312,40,0,1,449,671,0.1439102564102564,0.21506410256410258,59,119,0.01891025641025641,0.038141025641025644,19,0.2141531713900135,0.03667341430499325,0,0.0
3120,312,40,0,2,449,671,0.1439102564102564,0.21506410256410258,120,182,0.038461538461538464,0.058333333333333334,4092,0.2118940647166415,0.053652451938741165,544,0.13294232649071358
3120,312,40,0,3,449,671,0.1439102564102564,0.21506410256410258,183,258,0.058653846153846154,0.08269230769230769,58200,0.20981037426199778,0.07394073266365157,11603,0.19936426116838488
3120,312,40,0,4,449,671,0.1439102564102564,0.21506410256410258,259,685,0.08301282051282051,0.21955128205128205,262906,0.19846492248288433,0.11182392234561259,55788,0.21219751546180005
3120,312,40,1,0,672,716,0.2153846153846154,0.22948717948717948,0,58,0.0,0.01858974358974359,183,0.22679347064592956,0.014540423146980517,6,0.03278688524590164
3120,312,40,1,1,672,716,0.2153846153846154,0.22948717948717948,59,119,0.01891025641025641,0.038141025641025644,10023,0.2259081676247216,0.03338283486442778,1298,0.1295021450663474
3120,312,40,1,2,672,716,0.2153846153846154,0.22948717948717948,120,182,0.038461538461538464,0.058333333333333334,80101,0.22501824219361147,0.05042874956908022,9649,0.12046041872136427
3120,312,40,1,3,672,716,0.2153846153846154,0.22948717948717948,183,258,0.058653846153846154,0.08269230769230769,174796,0.22280621740153023,0.07008064089071686,25938,0.1483901233437836
3120,312,40,1,4,672,716,0.2153846153846154,0.22948717948717948,259,685,0.08301282051282051,0.21955128205128205,56327,0.22028564431232608,0.09111158036428457,10534,0.1870151082074316
3120,312,40,2,0,717,754,0.2298076923076923,0.24166666666666667,0,58,0.0,0.01858974358974359,10072,0.23846860298159275,0.0113082281929083,789,0.07833598093725179
3120,312,40,2,1,717,754,0.2298076923076923,0.24166666666666667,59,119,0.01891025641025641,0.038141025641025644,78774,0.2373231267571938,0.030758098630740652,7752,0.09840810419681621
3120,312,40,2,2,717,754,0.2298076923076923,0.24166666666666667,120,182,0.038461538461538464,0.058333333333333334,153082,0.23559015337497058,0.048397054838146124,21609,0.14115963993153996
3120,312,40,2,3,717,754,0.2298076923076923,0.24166666666666667,183,258,0.058653846153846154,0.08269230769230769,77862,0.23433134329038152,0.0667594425772074,12099,0.15539030592586883
3120,312,40,2,4,717,754,0.2298076923076923,0.24166666666666667,259,685,0.08301282051282051,0.21955128205128205,3300,0.23255108780108796,0.08751155788655744,575,0.17424242424242425
3120,312,40,3,0,755,793,0.2419871794871795,0.25416666666666665,0,58,0.0,0.01858974358974359,87314,0.2494719360950592,0.009793312289329696,6451,0.07388276794099458
3120,312,40,3,1,755,793,0.2419871794871795,0.25416666666666665,59,119,0.01891025641025641,0.038141025641025644,154629,0.24797955602904492,0.02853147384534748,16191,0.10470868983179094
3120,312,40,3,2,755,793,0.2419871794871795,0.25416666666666665,120,182,0.038461538461538464,0.058333333333333334,73986,0.24660197320757768,0.04633981775483738,10410,0.14070229502878923
3120,312,40,3,3,755,793,0.2419871794871795,0.25416666666666665,183,258,0.058653846153846154,0.08269230769230769,9975,0.24535303001095635,0.06348589422273822,1565,0.1568922305764411
3120,312,40,3,4,755,793,0.2419871794871795,0.25416666666666665,259,685,0.08301282051282051,0.21955128205128205,23,0.24223801560758082,0.08397435897435894,11,0.4782608695652174
3120,312,40,4,0,794,919,0.25448717948717947,0.29455128205128206,0,58,0.0,0.01858974358974359,229614,0.2640797903752551,0.006230774590933067,12867,0.05603752384436489
3120,312,40,4,1,794,919,0.25448717948717947,0.29455128205128206,59,119,0.01891025641025641,0.038141025641025644,77214,0.25990625122468114,0.026501002375676007,7623,0.09872561970627089
3120,312,40,4,2,794,919,0.25448717948717947,0.29455128205128206,120,182,0.038461538461538464,0.058333333333333334,10944,0.2574833769117959,0.04426916399572598,1223,0.11175073099415204
3120,312,40,4,3,794,919,0.25448717948717947,0.29455128205128206,183,258,0.058653846153846154,0.08269230769230769,260,0.25661119329388554,0.06105276134122286,17,0.06538461538461539
3120,312,80,0,1,449,671,0.1439102564102564,0.21506410256410258,59,119,0.01891025641025641,0.038141025641025644,19,0.2141531713900135,0.03667341430499325,0,0.0
3120,312,80,0,2,449,671,0.1439102564102564,0.21506410256410258,120,182,0.038461538461538464,0.058333333333333334,4092,0.2118940647166415,0.053652451938741165,0,0.0
3120,312,80,0,3,449,671,0.1439102564102564,0.21506410256410258,183,258,0.058653846153846154,0.08269230769230769,58200,0.20981037426199778,0.07394073266365157,505,0.008676975945017183
3120,312,80,0,4,449,671,0.1439102564102564,0.21506410256410258,259,685,0.08301282051282051,0.21955128205128205,262906,0.19846492248288433,0.11182392234561259,3754,0.014278867732193255
3120,312,80,1,0,672,716,0.2153846153846154,0.22948717948717948,0,58,0.0,0.01858974358974359,183,0.22679347064592956,0.014540423146980517,0,0.0
3120,312,80,1,1,672,716,0.2153846153846154,0.22948717948717948,59,119,0.01891025641025641,0.038141025641025644,10023,0.2259081676247216,0.03338283486442778,35,0.0034919684725132198
3120,312,80,1,2,672,716,0.2153846153846154,0.22948717948717948,120,182,0.038461538461538464,0.058333333333333334,80101,0.22501824219361147,0.05042874956908022,301,0.0037577558332605085
3120,312,80,1,3,672,716,0.2153846153846154,0.22948717948717948,183,258,0.058653846153846154,0.08269230769230769,174796,0.22280621740153023,0.07008064089071686,1101,0.006298771138927664
3120,312,80,1,4,672,716,0.2153846153846154,0.22948717948717948,259,685,0.08301282051282051,0.21955128205128205,56327,0.22028564431232608,0.09111158036428457,564,0.010012960036927228
3120,312,80,2,0,717,754,0.2298076923076923,0.24166666666666667,0,58,0.0,0.01858974358974359,10072,0.23846860298159275,0.0113082281929083,0,0.0
3120,312,80,2,1,717,754,0.2298076923076923,0.24166666666666667,59,119,0.01891025641025641,0.038141025641025644,78774,0.2373231267571938,0.030758098630740652,272,0.0034529159367303933
3120,312,80,2,2,717,754,0.2298076923076923,0.24166666666666667,120,182,0.038461538461538464,0.058333333333333334,153082,0.23559015337497058,0.048397054838146124,838,0.005474190303236174
3120,312,80,2,3,717,754,0.2298076923076923,0.24166666666666667,183,258,0.058653846153846154,0.08269230769230769,77862,0.23433134329038152,0.0667594425772074,375,0.0048162133004546505
3120,312,80,2,4,717,754,0.2298076923076923,0.24166666666666667,259,685,0.08301282051282051,0.21955128205128205,3300,0.23255108780108796,0.08751155788655744,64,0.019393939393939394
3120,312,80,3,0,755,793,0.2419871794871795,0.25416666666666665,0,58,0.0,0.01858974358974359,87314,0.2494719360950592,0.009793312289329696,225,0.0025769063380443
3120,312,80,3,1,755,793,0.2419871794871795,0.25416666666666665,59,119,0.01891025641025641,0.038141025641025644,154629,0.24797955602904492,0.02853147384534748,535,0.00345989432771343
3120,312,80,3,2,755,793,0.2419871794871795,0.25416666666666665,120,182,0.038461538461538464,0.058333333333333334,73986,0.24660197320757768,0.04633981775483738,607,0.008204254859027383
3120,312,80,3,3,755,793,0.2419871794871795,0.25416666666666665,183,258,0.058653846153846154,0.08269230769230769,9975,0.24535303001095635,0.06348589422273822,1,0.00010025062656641604
3120,312,80,3,4,755,793,0.2419871794871795,0.25416666666666665,259,685,0.08301282051282051,0.21955128205128205,23,0.24223801560758082,0.08397435897435894,0,0.0
3120,312,80,4,0,794,919,0.25448717948717947,0.29455128205128206,0,58,0.0,0.01858974358974359,229614,0.2640797903752551,0.006230774590933067,323,0.0014067086501694148
3120,312,80,4,1,794,919,0.25448717948717947,0.29455128205128206,59,119,0.01891025641025641,0.038141025641025644,77214,0.25990625122468114,0.026501002375676007,330,0.004273836350920817
3120,312,80,4,2,794,919,0.25448717948717947,0.29455128205128206,120,182,0.038461538461538464,0.058333333333333334,10944,0.2574833769117959,0.04426916399572598,36,0.003289473684210526
3120,312,80,4,3,794,919,0.25448717948717947,0.29455128205128206,183,258,0.058653846153846154,0.08269230769230769,260,0.25661119329388554,0.06105276134122286,0,0.0
3120,1040,40,0,1,449,671,0.1439102564102564,0.21506410256410258,59,119,0.01891025641025641,0.038141025641025644,19,0.2141531713900135,0.03667341430499325,0,0.0
3120,1040,40,0,2,449,671,0.1439102564102564,0.21506410256410258,120,182,0.038461538461538464,0.058333333333333334,4092,0.2118940647166415,0.053652451938741165,1407,0.34384164222873903
3120,1040,40,0,3,449,671,0.1439102564102564,0.21506410256410258,183,259,0.058653846153846154,0.08301282051282051,58947,0.2097904658377997,0.07410888007608352,26503,0.44960727433117886
3120,1040,40,0,4,449,671,0.1439102564102564,0.21506410256410258,260,685,0.08333333333333333,0.21955128205128205,261152,0.19839763349344355,0.11198354691360142,127378,0.4877542580566107
3120,1040,40,1,0,672,716,0.2153846153846154,0.22948717948717948,0,58,0.0,0.01858974358974359,183,0.22679347064592956,0.014540423146980517,6,0.03278688524590164
3120,1040,40,1,1,672,716,0.2153846153846154,0.22948717948717948,59,119,0.01891025641025641,0.038141025641025644,10023,0.2259081676247216,0.03338283486442778,3783,0.377431906614786
3120,1040,40,1,2,672,716,0.2153846153846154,0.22948717948717948,120,182,0.038461538461538464,0.058333333333333334,79995,0.22501700426791707,0.050426228562388445,25114,0.31394462153884617
3120,1040,40,1,3,672,716,0.2153846153846154,0.22948717948717948,183,259,0.058653846153846154,0.08301282051282051,175770,0.22279813326853318,0.07020937545134129,64937,0.3694430221311942
3120,1040,40,1,4,672,716,0.2153846153846154,0.22948717948717948,260,685,0.08333333333333333,0.21955128205128205,54673,0.22025507598323857,0.09134591935174567,22978,0.42028057725019663
3120,1040,40,2,0,717,754,0.2298076923076923,0.24166666666666667,0,58,0.0,0.01858974358974359,10069,0.23846777746368888,0.011311119939086772,2619,0.2601052736120767
3120,1040,40,2,1,717,754,0.2298076923076923,0.24166666666666667,59,119,0.01891025641025641,0.038141025641025644,78700,0.23732009741624358,0.030757452839403343,19138,0.2431766200762389
3120,1040,40,2,2,717,754,0.2298076923076923,0.24166666666666667,120,182,0.038461538461538464,0.058333333333333334,152910,0.2355872127728805,0.048399710153046,54580,0.35694199202145055
3120,1040,40,2,3,717,754,0.2298076923076923,0.24166666666666667,183,259,0.058653846153846154,0.08301282051282051,77965,0.23433401657869168,0.0668035007489931,29265,0.37536073879304815
3120,1040,40,2,4,717,754,0.2298076923076923,0.24166666666666667,260,685,0.08333333333333333,0.21955128205128205,3102,0.2324564176957793,0.08779871133594444,1136,0.3662153449387492
3120,1040,40,3,0,755,793,0.2419871794871795,0.25416666666666665,0,58,0.0,0.01858974358974359,86572,0.24947148630988497,0.00985311470398772,22218,0.25664187035069075
3120,1040,40,3,1,755,793,0.2419871794871795,0.25416666666666665,59,119,0.01891025641025641,0.038141025641025644,154146,0.2479805629660114,0.028535290967912744,45059,0.2923137804419187
3120,1040,40,3,2,755,793,0.2419871794871795,0.25416666666666665,120,182,0.038461538461538464,0.058333333333333334,73970,0.24660281541709483,0.04634113188644274,27870,0.37677436798702174
3120,1040,40,3,3,755,793,0.2419871794871795,0.25416666666666665,183,259,0.058653846153846154,0.08301282051282051,9979,0.24535187354987092,0.06349372143039032,3567,0.3574506463573504
3120,1040,40,3,4,755,793,0.2419871794871795,0.25416666666666665,260,685,0.08333333333333333,0.21955128205128205,19,0.24218960863697703,0.08417678812415652,10,0.5263157894736842
3120,1040,40,4,0,794,919,0.25448717948717947,0.29455128205128206,0,58,0.0,0.01858974358974359,228624,0.26407699165909854,0.006236262574669396,46257,0.2023278395968927
3120,1040,40,4,1,794,919,0.25448717948717947,0.29455128205128206,59,119,0.01891025641025641,0.038141025641025644,77214,0.25990625122468114,0.026501002375676007,21909,0.2837438806434066
3120,1040,40,4,2,794,919,0.25448717948717947,0.29455128205128206,120,182,0.038461538461538464,0.058333333333333334,10944,0.2574833769117959,0.04426916399572598,3051,0.2787828947368421
3120,1040,40,4,3,794,919,0.25448717948717947,0.29455128205128206,183,259,0.058653846153846154,0.08301282051282051,260,0.25661119329388554,0.06105276134122286,30,0.11538461538461539
3120,1040,80,0,1,449,671,0.1439102564102564,0.21506410256410258,59,119,0.01891025641025641,0.038141025641025644,19,0.2141531713900135,0.03667341430499325,0,0.0
3120,1040,80,0,2,449,671,0.1439102564102564,0.21506410256410258,120,182,0.038461538461538464,0.058333333333333334,4092,0.2118940647166415,0.053652451938741165,41,0.010019550342130987
3120,1040,80,0,3,449,671,0.1439102564102564,0.21506410256410258,183,259,0.058653846153846154,0.08301282051282051,58947,0.2097904658377997,0.07410888007608352,1270,0.021544777512002306
3120,1040,80,0,4,449,671,0.1439102564102564,0.21506410256410258,260,685,0.08333333333333333,0.21955128205128205,261152,0.19839763349344355,0.11198354691360142,9091,0.034811144467589754
3120,1040,80,1,0,672,716,0.2153846153846154,0.22948717948717948,0,58,0.0,0.01858974358974359,183,0.22679347064592956,0.014540423146980517,0,0.0
3120,1040,80,1,1,672,716,0.2153846153846154,0.22948717948717948,59,119,0.01891025641025641,0.038141025641025644,10023,0.2259081676247216,0.03338283486442778,155,0.015464431806844259
3120,1040,80,1,2,672,716,0.2153846153846154,0.22948717948717948,120,182,0.038461538461538464,0.058333333333333334,79995,0.22501700426791707,0.050426228562388445,1045,0.01306331645727858
3120,1040,80,1,3,672,716,0.2153846153846154,0.22948717948717948,183,259,0.058653846153846154,0.08301282051282051,175770,0.22279813326853318,0.07020937545134129,2695,0.015332536837913182
3120,1040,80,1,4,672,716,0.2153846153846154,0.22948717948717948,260,685,0.08333333333333333,0.21955128205128205,54673,0.22025507598323857,0.09134591935174567,1499,0.02741755528322938
3120,1040,80,2,0,717,754,0.2298076923076923,0.24166666666666667,0,58,0.0,0.01858974358974359,10069,0.23846777746368888,0.011311119939086772,149,0.014797894527758466
3120,1040,80,2,1,717,754,0.2298076923076923,0.24166666666666667,59,119,0.01891025641025641,0.038141025641025644,78700,0.23732009741624358,0.030757452839403343,547,0.006950444726810673
3120,1040,80,2,2,717,754,0.2298076923076923,0.24166666666666667,120,182,0.038461538461538464,0.058333333333333334,152910,0.2355872127728805,0.048399710153046,2412,0.015773984696880516
3120,1040,80,2,3,717,754,0.2298076923076923,0.24166666666666667,183,259,0.058653846153846154,0.08301282051282051,77965,0.23433401657869168,0.0668035007489931,1187,0.015224780350157122
3120,1040,80,2,4,717,754,0.2298076923076923,0.24166666666666667,260,685,0.08333333333333333,0.21955128205128205,3102,0.2324564176957793,0.08779871133594444,133,0.042875564152159894
3120,1040,80,3,0,755,793,0.2419871794871795,0.25416666666666665,0,58,0.0,0.01858974358974359,86572,0.24947148630988497,0.00985311470398772,623,0.007196322136487548
3120,1040,80,3,1,755,793,0.2419871794871795,0.25416666666666665,59,119,0.01891025641025641,0.038141025641025644,154146,0.2479805629660114,0.028535290967912744,1301,0.008440050341883668
3120,1040,80,3,2,755,793,0.2419871794871795,0.25416666666666665,120,182,0.038461538461538464,0.058333333333333334,73970,0.24660281541709483,0.04634113188644274,1682,0.022738948222252264
3120,1040,80,3,3,755,793,0.2419871794871795,0.25416666666666665,183,259,0.058653846153846154,0.08301282051282051,9979,0.24535187354987092,0.06349372143039032,42,0.004208838560978054
3120,1040,80,3,4,755,793,0.2419871794871795,0.25416666666666665,260,685,0.08333333333333333,0.21955128205128205,19,0.24218960863697703,0.08417678812415652,0,0.0
3120,1040,80,4,0,794,919,0.25448717948717947,0.29455128205128206,0,58,0.0,0.01858974358974359,228624,0.26407699165909854,0.006236262574669396,1360,0.005948631814682623
3120,1040,80,4,1,794,919,0.25448717948717947,0.29455128205128206,59,119,0.01891025641025641,0.038141025641025644,77214,0.25990625122468114,0.026501002375676007,1126,0.014582847670111638
3120,1040,80,4,2,794,919,0.25448717948717947,0.29455128205128206,120,182,0.038461538461538464,0.058333333333333334,10944,0.2574833769117959,0.04426916399572598,195,0.01781798245614035
3120,1040,80,4,3,794,919,0.25448717948717947,0.29455128205128206,183,259,0.058653846153846154,0.08301282051282051,260,0.25661119329388554,0.06105276134122286,0,0.0
