idx,shard,onset,rngstate,attempts,events,pass_events,fail_events,first_bad_events
0,0,313358,4700473787566636120,35,4594,4189,405,34
1,1,307906,4692330403214779697,29,3858,3582,276,28
2,2,302092,694356338346996168,30,3379,2870,509,29
3,3,291397,12567324566037349410,41,4866,4374,492,40
4,4,286748,7781527330408340496,36,4406,3880,526,35
5,5,285796,16489936061346709332,48,6506,5921,585,47
6,6,276143,5512003509614796496,37,4446,3926,520,36
7,7,272174,3981815637707193797,34,4320,3855,465,33
8,8,271114,3955567068357606463,29,3889,3659,230,28
9,9,270625,16992346564080444118,33,4188,3736,452,32
10,10,270401,9220737208495014129,51,6510,6062,448,50
11,11,268891,15693941383896591225,25,3022,2747,275,24
12,12,267843,18287853548615453633,28,3786,3413,373,27
13,13,267828,2592558225885312534,32,3925,3554,371,31
14,14,266260,6676073668202534420,32,4291,3785,506,31
15,15,265407,1785944205930647325,33,3648,3302,346,32
16,16,265277,2581380668079156450,28,3479,3273,206,27
17,17,260282,421234894265933870,28,3273,3007,266,27
18,18,257885,2535352621422342788,33,4333,3841,492,32
19,19,255436,9980582288230158201,28,3315,3028,287,27
20,20,255171,7363838155587417590,39,4971,4464,507,38
21,21,255129,3024456195432903186,40,5273,4748,525,39
22,22,252072,15996951898054259342,30,3506,3288,218,29
23,23,251853,13807782660207995538,31,3603,3153,450,30
