idx,onset,start,time_frac,phase,depth,kind,first_bad_offset,decisive_period,clears
0,313358,11757,0.03751938677167967,30,71,pre_onset,71,0,0
0,313358,15538,0.04958545816605927,30,47,pre_onset,47,0,0
0,313358,26449,0.08440505747419884,0,71,pre_onset,71,0,0
0,313358,28939,0.09235124043426368,0,56,pre_onset,56,0,0
0,313358,34567,0.11031152866689219,103,99,pre_onset,99,0,0
0,313358,36426,0.11624404036277995,0,56,pre_onset,56,0,0
0,313358,40486,0.1292004671972632,103,45,pre_onset,45,0,0
0,313358,42636,0.13606162919089348,0,45,pre_onset,45,0,0
0,313358,44096,0.14072083687028894,0,77,pre_onset,77,0,0
0,313358,47451,0.15142744081848875,101,49,pre_onset,49,0,0
0,313358,59442,0.18969357731412634,24,48,pre_onset,48,0,0
0,313358,115204,0.3676433982856669,0,43,pre_onset,43,0,0
0,313358,146641,0.467966351585088,103,46,pre_onset,46,0,0
0,313358,151536,0.48358746226360905,0,99,pre_onset,99,0,0
0,313358,151684,0.4840597655078217,100,169,pre_onset,169,1,0
0,313358,163027,0.5202579796909605,0,45,pre_onset,45,0,0
0,313358,164882,0.5261777264343019,0,76,pre_onset,76,0,0
0,313358,164993,0.5265319538674615,99,82,pre_onset,82,0,0
0,313358,171646,0.5477632611900766,103,45,pre_onset,45,0,0
0,313358,206449,0.6588279220571998,0,43,pre_onset,43,0,0
0,313358,216215,0.6899935536989641,24,47,pre_onset,47,0,0
0,313358,273208,0.8718717888166251,25,45,pre_onset,45,0,0
0,313358,273511,0.8728387339720065,0,76,pre_onset,76,0,0
0,313358,273735,0.8735535713145987,0,70,pre_onset,70,0,0
0,313358,274682,0.8765756738299325,103,46,pre_onset,46,0,0
0,313358,276455,0.882233739046075,0,45,pre_onset,45,0,0
0,313358,285369,0.91068043579548,26,72,pre_onset,72,0,0
0,313358,287274,0.91675974444565,0,99,pre_onset,99,0,0
0,313358,293928,0.9379942430064017,0,45,pre_onset,45,0,0
0,313358,295245,0.9421971036322673,31,71,pre_onset,71,0,0
0,313358,299290,0.9551056618947019,24,77,pre_onset,77,0,0
0,313358,310377,0.9904869191148782,25,45,pre_onset,45,0,0
0,313358,311063,0.9926761084765667,0,76,pre_onset,76,0,0
0,313358,313222,0.9995659916134262,100,102,pre_onset,102,0,0
1,307906,912,0.0029619429306346743,0,61,pre_onset,61,0,0
1,307906,11621,0.0377420381545017,30,47,pre_onset,47,0,0
1,307906,16141,0.05242184303001565,30,86,pre_onset,86,0,0
1,307906,16301,0.05294148214065331,0,45,pre_onset,45,0,0
1,307906,30849,0.10018966827538274,0,77,pre_onset,77,0,0
1,307906,39782,0.12920176937117173,103,46,pre_onset,46,0,0
1,307906,48148,0.15637239936863848,25,45,pre_onset,45,0,0
1,307906,56648,0.18397822712126427,97,52,pre_onset,52,0,0
1,307906,70168,0.22788773197014672,0,45,pre_onset,45,0,0
1,307906,77526,0.2517846355705962,24,77,pre_onset,77,0,0
1,307906,91298,0.296512572018733,0,77,pre_onset,77,0,0
1,307906,95519,0.3102213013062428,0,45,pre_onset,45,0,0
1,307906,99689,0.3237643956272369,103,134,pre_onset,134,1,0
1,307906,114532,0.3719706663722045,0,76,pre_onset,76,0,0
1,307906,151696,0.49266984079556747,30,46,pre_onset,46,0,0
1,307906,159628,0.5184309497054296,0,45,pre_onset,45,0,0
1,307906,163126,0.5297915597617455,0,45,pre_onset,45,0,0
1,307906,164567,0.5344715595019259,0,160,pre_onset,160,1,0
1,307906,183333,0.5954187316908407,0,45,pre_onset,45,0,0
1,307906,187536,0.6090690015784038,102,79,pre_onset,79,0,0
1,307906,222006,0.7210187524764051,31,46,pre_onset,46,0,0
1,307906,229701,0.7460101459536352,0,76,pre_onset,76,0,0
1,307906,272646,0.8854845309932252,0,45,pre_onset,45,0,0
1,307906,278927,0.9058836138301949,30,71,pre_onset,71,0,0
1,307906,287881,0.9349639175592551,30,87,pre_onset,87,0,0
1,307906,293812,0.954226289841705,103,298,pre_onset,298,2,0
1,307906,295238,0.9588575734152631,25,76,pre_onset,76,0,0
1,307906,307677,0.9992562665228999,103,45,pre_onset,45,0,0
2,302092,776,0.002568753889543583,24,52,pre_onset,52,0,0
2,302092,10186,0.03371820505011718,30,47,pre_onset,47,0,0
2,302092,14638,0.04845543741641619,0,45,pre_onset,45,0,0
2,302092,31743,0.10507726123167777,103,45,pre_onset,45,0,0
2,302092,50185,0.16612488910662976,0,43,pre_onset,43,0,0
2,302092,53946,0.17857473882128624,103,46,pre_onset,46,0,0
2,302092,62974,0.20845967453623399,103,46,pre_onset,46,0,0
2,302092,67291,0.222750023171749,101,74,pre_onset,74,0,0
2,302092,68667,0.22730492697588814,103,44,pre_onset,44,0,0
2,302092,71912,0.23804668776399243,24,95,pre_onset,95,0,0
2,302092,97711,0.3234478238417436,25,73,pre_onset,73,0,0
2,302092,101113,0.33470929385750037,103,44,pre_onset,44,0,0
2,302092,111233,0.36820902241701203,31,40,pre_onset,40,0,0
2,302092,111302,0.3684374296571905,24,46,pre_onset,46,0,0
2,302092,112271,0.3716450617692623,0,55,pre_onset,55,0,0
2,302092,120431,0.39865670060776187,30,47,pre_onset,47,0,0
2,302092,121818,0.40324801716033526,102,100,pre_onset,100,0,0
2,302092,122159,0.40437681236179707,31,70,pre_onset,70,0,0
2,302092,140293,0.46440488328059004,0,77,pre_onset,77,0,0
2,302092,162342,0.537392582392119,0,150,pre_onset,150,1,0
2,302092,170122,0.563146326284708,0,77,pre_onset,77,0,0
2,302092,171483,0.5676515763409822,31,67,pre_onset,67,0,0
2,302092,178380,0.5904823696092582,24,46,pre_onset,46,0,0
2,302092,185357,0.6135779828661467,102,58,pre_onset,58,0,0
2,302092,196228,0.6495637090687605,25,73,pre_onset,73,0,0
2,302092,225308,0.7458257749294916,0,45,pre_onset,45,0,0
2,302092,287361,0.9512367093468215,103,45,pre_onset,45,0,0
2,302092,300583,0.9950048329647921,0,45,pre_onset,45,0,0
2,302092,301898,0.9993578115276142,24,75,pre_onset,75,0,0
3,291397,2649,0.009090690707179553,102,100,pre_onset,100,0,0
3,291397,3544,0.012162101874761922,25,45,pre_onset,45,0,0
3,291397,3962,0.013596571001074136,31,67,pre_onset,67,0,0
3,291397,9547,0.032762863035652394,0,43,pre_onset,43,0,0
3,291397,16792,0.05762585064362365,0,76,pre_onset,76,0,0
3,291397,16932,0.058106294848608596,0,77,pre_onset,77,0,0
3,291397,27856,0.09559466981472012,100,54,pre_onset,54,0,0
3,291397,39505,0.13557105941378944,30,47,pre_onset,47,0,0
3,291397,48571,0.16668325343088639,0,77,pre_onset,77,0,0
3,291397,51406,0.17641224858183166,0,45,pre_onset,45,0,0
3,291397,64136,0.22009835379224907,30,69,pre_onset,69,0,0
3,291397,66144,0.2269892963894618,0,70,pre_onset,70,0,0
3,291397,66819,0.22930572380635353,103,46,pre_onset,46,0,0
3,291397,85744,0.29425148508735505,0,44,pre_onset,44,0,0
3,291397,86390,0.2964683919189285,30,71,pre_onset,71,0,0
3,291397,95780,0.3286924710961335,103,62,pre_onset,62,0,0
3,291397,99796,0.34247435629055895,30,68,pre_onset,68,0,0
3,291397,99873,0.34273860060330064,0,71,pre_onset,71,0,0
3,291397,103903,0.3565685302182246,98,51,pre_onset,51,0,0
3,291397,112290,0.3853505698411446,0,99,pre_onset,99,0,0
3,291397,112422,0.3858035600915589,0,99,pre_onset,99,0,0
3,291397,112525,0.386157029756655,99,268,pre_onset,268,2,0
3,291397,118125,0.4053747979560531,31,46,pre_onset,46,0,0
3,291397,133144,0.45691616591797446,30,71,pre_onset,71,0,0
3,291397,133217,0.4571666832534309,100,49,pre_onset,49,0,0
3,291397,136469,0.46832671578636703,24,77,pre_onset,77,0,0
3,291397,150376,0.5160519840629794,103,72,pre_onset,72,0,0
3,291397,155171,0.5325071980837139,21,40,pre_onset,40,0,0
3,291397,199553,0.6848148745525864,0,50,pre_onset,50,0,0
3,291397,202185,0.6938472256063034,31,46,pre_onset,46,0,0
3,291397,221405,0.7598053514620947,0,43,pre_onset,43,0,0
3,291397,241150,0.8275651430865795,24,47,pre_onset,47,0,0
3,291397,246606,0.8462887401037074,102,47,pre_onset,47,0,0
3,291397,252903,0.8678984340950662,0,98,pre_onset,98,0,0
3,291397,253010,0.8682656307374476,0,77,pre_onset,77,0,0
3,291397,268569,0.9216601406328823,31,46,pre_onset,46,0,0
3,291397,269710,0.9255757609035097,0,71,pre_onset,71,0,0
3,291397,269853,0.9260665003414585,99,76,pre_onset,76,0,0
3,291397,270022,0.9266464651317619,100,76,pre_onset,76,0,0
3,291397,287165,0.9854768580321692,103,46,pre_onset,46,0,0
4,286748,5581,0.01946308256727161,0,98,pre_onset,98,0,0
4,286748,5688,0.019836232510776014,0,62,pre_onset,62,0,0
4,286748,29073,0.10138867577106031,102,40,pre_onset,40,0,0
4,286748,32446,0.11315161744807287,0,44,pre_onset,44,0,0
4,286748,47044,0.16406042936655182,0,685,pre_onset,685,6,0
4,286748,51318,0.17896550281083043,103,45,pre_onset,45,0,0
4,286748,52011,0.1813822589869851,31,67,pre_onset,67,0,0
4,286748,52228,0.1821390210219426,0,99,pre_onset,99,0,0
4,286748,53114,0.18522884204946505,30,47,pre_onset,47,0,0
4,286748,57753,0.20140681016083808,30,47,pre_onset,47,0,0
4,286748,59640,0.20798750122058393,24,77,pre_onset,77,0,0
4,286748,59921,0.2089674557451142,0,70,pre_onset,70,0,0
4,286748,60085,0.2095393864996443,100,49,pre_onset,49,0,0
4,286748,62447,0.2177765843179377,31,46,pre_onset,46,0,0
4,286748,82383,0.2873010448198418,0,45,pre_onset,45,0,0
4,286748,97595,0.3403511096851591,103,45,pre_onset,45,0,0
4,286748,119260,0.41590525478817636,102,40,pre_onset,40,0,0
4,286748,134939,0.47058392735084464,0,43,pre_onset,43,0,0
4,286748,135455,0.47238341679802476,31,46,pre_onset,46,0,0
4,286748,148476,0.5177926262781257,30,41,pre_onset,41,0,0
4,286748,150396,0.5244884009653075,24,74,pre_onset,74,0,0
4,286748,167962,0.5857477645877216,0,70,pre_onset,70,0,0
4,286748,168109,0.586260409837209,99,50,pre_onset,50,0,0
4,286748,175917,0.6134898935650815,0,77,pre_onset,77,0,0
4,286748,188405,0.6570403280929596,103,46,pre_onset,46,0,0
4,286748,221396,0.7720925690850503,16,61,pre_onset,61,0,0
4,286748,221611,0.7728423563547087,0,77,pre_onset,77,0,0
4,286748,222965,0.7775642724622317,0,71,pre_onset,71,0,0
4,286748,231425,0.8070675296776263,102,40,pre_onset,40,0,0
4,286748,239087,0.8337878555386611,25,52,pre_onset,52,0,0
4,286748,239288,0.8344888194512254,30,68,pre_onset,68,0,0
4,286748,246064,0.8581193242847378,24,74,pre_onset,74,0,0
4,286748,264914,0.9238564872292048,24,52,pre_onset,52,0,0
4,286748,284502,0.9921673385690571,102,79,pre_onset,79,0,0
4,286748,284669,0.992749731471536,24,77,pre_onset,77,0,0
5,285796,4642,0.016242354686559643,0,77,pre_onset,77,0,0
5,285796,9855,0.03448263796554186,100,48,pre_onset,48,0,0
5,285796,12895,0.04511959579560246,103,45,pre_onset,45,0,0
5,285796,13214,0.04623577656790158,30,40,pre_onset,40,0,0
5,285796,17941,0.06277554619378857,0,71,pre_onset,71,0,0
5,285796,19075,0.06674341138434407,0,76,pre_onset,76,0,0
5,285796,25601,0.08957788072611234,0,71,pre_onset,71,0,0
5,285796,26888,0.09408109280745706,0,98,pre_onset,98,0,0
5,285796,29618,0.10363336085879439,0,98,pre_onset,98,0,0
5,285796,36609,0.12809486486864757,0,77,pre_onset,77,0,0
5,285796,37702,0.1319192710884687,100,65,pre_onset,65,0,0
5,285796,43542,0.15235342691990092,31,45,pre_onset,45,0,0
5,285796,54594,0.19102436703102912,24,74,pre_onset,74,0,0
5,285796,54817,0.19180464387185264,103,46,pre_onset,46,0,0
5,285796,59128,0.2068888297946787,103,71,pre_onset,71,0,0
5,285796,59238,0.20727371971616118,0,98,pre_onset,98,0,0
5,285796,59462,0.2080574955562709,0,99,pre_onset,99,0,0
5,285796,59801,0.20924365631429412,99,1533,pre_onset,1533,14,0
5,285796,72798,0.25472015003708937,0,45,pre_onset,45,0,0
5,285796,85482,0.29910145698330276,0,61,pre_onset,61,0,0
5,285796,103707,0.36287071897437334,0,43,pre_onset,43,0,0
5,285796,110075,0.3851523464289213,24,53,pre_onset,53,0,0
5,285796,144509,0.5056368878500749,0,77,pre_onset,77,0,0
5,285796,147700,0.5168021945723523,102,100,pre_onset,100,0,0
5,285796,147809,0.5171835854945486,0,43,pre_onset,43,0,0
5,285796,160730,0.5623941552715923,103,45,pre_onset,45,0,0
5,285796,165983,0.5807743985220227,25,75,pre_onset,75,0,0
5,285796,199580,0.6983302775406234,0,45,pre_onset,45,0,0
5,285796,201466,0.7049293901944044,24,46,pre_onset,46,0,0
5,285796,201627,0.7054927290794832,101,48,pre_onset,48,0,0
5,285796,220179,0.7704061638371426,0,77,pre_onset,77,0,0
5,285796,221583,0.7753187588349731,30,71,pre_onset,71,0,0
5,285796,223714,0.7827751263138742,103,46,pre_onset,46,0,0
5,285796,224477,0.785444862769248,30,71,pre_onset,71,0,0
5,285796,246175,0.8613661492813055,102,47,pre_onset,47,0,0
5,285796,250578,0.8767722431384624,30,68,pre_onset,68,0,0
5,285796,250655,0.8770416660835001,0,77,pre_onset,77,0,0
5,285796,251212,0.8789906086859158,24,47,pre_onset,47,0,0
5,285796,253034,0.8853657853853798,30,71,pre_onset,71,0,0
5,285796,254901,0.8918984170527229,0,45,pre_onset,45,0,0
5,285796,257417,0.9007018992568125,24,77,pre_onset,77,0,0
5,285796,258715,0.9052436003303055,103,46,pre_onset,46,0,0
5,285796,271486,0.9499293202144187,24,77,pre_onset,77,0,0
5,285796,274385,0.9600729191451245,0,46,pre_onset,46,0,0
5,285796,275395,0.9636069084241907,103,46,pre_onset,46,0,0
5,285796,276439,0.9672598636789879,0,76,pre_onset,76,0,0
5,285796,285088,0.9975227085053675,0,98,pre_onset,98,0,0
6,276143,1242,0.004497669685633893,0,46,pre_onset,46,0,0
6,276143,3006,0.010885664311606667,0,45,pre_onset,45,0,0
6,276143,3289,0.011910495648993456,0,76,pre_onset,76,0,0
6,276143,4277,0.015488352049481608,103,44,pre_onset,44,0,0
6,276143,4378,0.015854104576252158,0,43,pre_onset,43,0,0
6,276143,18478,0.06691460583827945,103,46,pre_onset,46,0,0
6,276143,20728,0.07506255816732635,0,71,pre_onset,71,0,0
6,276143,21293,0.07710859952995368,24,77,pre_onset,77,0,0
6,276143,21372,0.07739468318950689,100,80,pre_onset,80,0,0
6,276143,22903,0.08293891208540502,99,67,pre_onset,67,0,0
6,276143,25141,0.09104340866869702,0,76,pre_onset,76,0,0
6,276143,25241,0.09140553988332133,92,89,pre_onset,89,0,0
6,276143,40768,0.14763365357803745,0,373,pre_onset,373,3,0
6,276143,41341,0.14970866543783473,103,44,pre_onset,44,0,0
6,276143,57018,0.20647997595448736,24,52,pre_onset,52,0,0
6,276143,71767,0.2598907087994264,0,55,pre_onset,55,0,0
6,276143,85831,0.3108208428241889,0,44,pre_onset,44,0,0
6,276143,94440,0.3419967190911955,30,47,pre_onset,47,0,0
6,276143,112453,0.4072274147814719,25,52,pre_onset,52,0,0
6,276143,114552,0.4148285489764361,0,61,pre_onset,61,0,0
6,276143,152959,0.5539122845771937,103,45,pre_onset,45,0,0
6,276143,165152,0.5980669435763355,0,45,pre_onset,45,0,0
6,276143,169071,0.612258865877462,30,40,pre_onset,40,0,0
6,276143,171726,0.6218734496257374,24,74,pre_onset,74,0,0
6,276143,178404,0.6460565721383487,25,56,pre_onset,56,0,0
6,276143,180862,0.6549577573938141,31,45,pre_onset,45,0,0
6,276143,188698,0.6833343593717748,103,46,pre_onset,46,0,0
6,276143,202891,0.7347316426634026,30,47,pre_onset,47,0,0
6,276143,211745,0.7667947404062389,103,46,pre_onset,46,0,0
6,276143,220663,0.7990896021264345,100,80,pre_onset,80,0,0
6,276143,237855,0.8613472005446453,24,77,pre_onset,77,0,0
6,276143,240396,0.870548954708249,99,75,pre_onset,75,0,0
6,276143,254370,0.9211531706398497,24,75,pre_onset,75,0,0
6,276143,268685,0.9729922540133192,103,45,pre_onset,45,0,0
6,276143,269872,0.9772907515309097,30,41,pre_onset,41,0,0
6,276143,270252,0.978666850146482,102,52,pre_onset,52,0,0
7,272174,11240,0.04129711140667367,0,77,pre_onset,77,0,0
7,272174,17988,0.06609007473160551,30,40,pre_onset,40,0,0
7,272174,18550,0.0681549303019392,0,45,pre_onset,45,0,0
7,272174,23849,0.08762409341083277,103,45,pre_onset,45,0,0
7,272174,24860,0.09133862896529427,0,165,pre_onset,165,1,0
7,272174,33854,0.12438366633109701,30,68,pre_onset,68,0,0
7,272174,39375,0.1446684841314747,103,44,pre_onset,44,0,0
7,272174,42744,0.15704659519278108,31,46,pre_onset,46,0,0
7,272174,57714,0.21204817506448081,102,45,pre_onset,45,0,0
7,272174,58665,0.21554226340502766,16,54,pre_onset,54,0,0
7,272174,68561,0.25190135722001367,0,43,pre_onset,43,0,0
7,272174,77873,0.28611476481956394,25,46,pre_onset,46,0,0
7,272174,88902,0.32663663685730454,0,77,pre_onset,77,0,0
7,272174,95640,0.35139285897991723,0,71,pre_onset,71,0,0
7,272174,104340,0.38335770499753835,103,46,pre_onset,46,0,0
7,272174,126136,0.4634388295722589,0,45,pre_onset,45,0,0
7,272174,129508,0.475827962994261,0,43,pre_onset,43,0,0
7,272174,145943,0.5362121290057096,103,45,pre_onset,45,0,0
7,272174,153408,0.5636394365369213,103,72,pre_onset,72,0,0
7,272174,156107,0.5735558870428475,98,82,pre_onset,82,0,0
7,272174,164309,0.6036910211849773,24,47,pre_onset,47,0,0
7,272174,164369,0.6039114683988919,0,70,pre_onset,70,0,0
7,272174,164499,0.6043891040290402,90,59,pre_onset,59,0,0
7,272174,184917,0.6794072909241882,30,68,pre_onset,68,0,0
7,272174,185672,0.6821812516992806,0,43,pre_onset,43,0,0
7,272174,186359,0.6847053722986031,103,46,pre_onset,46,0,0
7,272174,192678,0.7079221380440454,31,45,pre_onset,45,0,0
7,272174,198188,0.728166540521872,0,45,pre_onset,45,0,0
7,272174,202672,0.7446412956417586,103,62,pre_onset,62,0,0
7,272174,215350,0.7912217919419195,30,47,pre_onset,47,0,0
7,272174,234152,0.8603026005423001,0,45,pre_onset,45,0,0
7,272174,255612,0.9391492207190988,0,98,pre_onset,98,0,0
7,272174,255719,0.9395423515839132,0,77,pre_onset,77,0,0
8,271114,11041,0.04072456604970603,103,45,pre_onset,45,0,0
8,271114,32532,0.11999380334471846,0,76,pre_onset,76,0,0
8,271114,33596,0.12391835168969512,100,102,pre_onset,102,0,0
8,271114,34450,0.127068318124479,0,71,pre_onset,71,0,0
8,271114,36923,0.1361899422383204,102,47,pre_onset,47,0,0
8,271114,37598,0.13867966980679713,0,89,pre_onset,89,0,0
8,271114,44399,0.16376505824118268,97,57,pre_onset,57,0,0
8,271114,52344,0.19307007384347544,103,45,pre_onset,45,0,0
8,271114,67582,0.24927521264117677,0,98,pre_onset,98,0,0
8,271114,68753,0.25359442891182304,0,99,pre_onset,99,0,0
8,271114,70276,0.2592119920033639,24,46,pre_onset,46,0,0
8,271114,71837,0.26496971753579673,0,45,pre_onset,45,0,0
8,271114,105070,0.3875491490664444,0,70,pre_onset,70,0,0
8,271114,105236,0.38816143762402533,90,59,pre_onset,59,0,0
8,271114,105330,0.38850815524096877,0,77,pre_onset,77,0,0
8,271114,134169,0.49488038242215454,103,46,pre_onset,46,0,0
8,271114,136787,0.5045368369025576,0,76,pre_onset,76,0,0
8,271114,137814,0.5083249112919288,0,71,pre_onset,71,0,0
8,271114,147571,0.5443134622335991,31,46,pre_onset,46,0,0
8,271114,193661,0.7143157490944768,103,44,pre_onset,44,0,0
8,271114,212779,0.7848322108043111,0,70,pre_onset,70,0,0
8,271114,213833,0.7887198742964214,0,76,pre_onset,76,0,0
8,271114,213933,0.7890887228250847,92,89,pre_onset,89,0,0
8,271114,225925,0.8333210383823779,0,45,pre_onset,45,0,0
8,271114,229260,0.8456221368132962,31,58,pre_onset,58,0,0
8,271114,236970,0.8740603583732305,0,44,pre_onset,44,0,0
8,271114,243228,0.8971428992969747,0,45,pre_onset,45,0,0
8,271114,257589,0.9501132364982996,103,99,pre_onset,99,0,0
9,270625,5417,0.02001662817551963,0,98,pre_onset,98,0,0
9,270625,12767,0.04717598152424942,103,45,pre_onset,45,0,0
9,270625,19692,0.072764896073903,31,68,pre_onset,68,0,0
9,270625,24737,0.09140692840646651,16,45,pre_onset,45,0,0
9,270625,34292,0.12671408775981524,103,99,pre_onset,99,0,0
9,270625,34445,0.12727944572748268,0,98,pre_onset,98,0,0
9,270625,34557,0.1276933025404157,0,99,pre_onset,99,0,0
9,270625,34660,0.12807390300230947,99,492,pre_onset,492,4,0
9,270625,37017,0.13678337182448036,30,40,pre_onset,40,0,0
9,270625,49186,0.18174965357967668,0,98,pre_onset,98,0,0
9,270625,52123,0.19260230946882217,0,70,pre_onset,70,0,0
9,270625,52307,0.1932822170900693,100,49,pre_onset,49,0,0
9,270625,92713,0.34258845265588916,0,45,pre_onset,45,0,0
9,270625,101533,0.3751796766743649,30,59,pre_onset,59,0,0
9,270625,104829,0.3873588914549654,0,43,pre_onset,43,0,0
9,270625,125286,0.4629505773672055,24,53,pre_onset,53,0,0
9,270625,138848,0.5130642032332563,0,45,pre_onset,45,0,0
9,270625,139438,0.5152443418013857,31,68,pre_onset,68,0,0
9,270625,141764,0.5238392609699769,0,45,pre_onset,45,0,0
9,270625,149951,0.5540914549653579,24,74,pre_onset,74,0,0
9,270625,166610,0.61564896073903,103,45,pre_onset,45,0,0
9,270625,185335,0.6848406466512702,0,61,pre_onset,61,0,0
9,270625,208618,0.7708748267898383,103,44,pre_onset,44,0,0
9,270625,219025,0.8093302540415704,24,53,pre_onset,53,0,0
9,270625,219279,0.8102688221709007,102,100,pre_onset,100,0,0
9,270625,252707,0.9337903002309469,26,50,pre_onset,50,0,0
9,270625,263736,0.9745441108545034,0,99,pre_onset,99,0,0
9,270625,263948,0.9753274826789838,0,56,pre_onset,56,0,0
9,270625,269929,0.9974281755196305,30,71,pre_onset,71,0,0
9,270625,270257,0.9986401847575058,103,99,pre_onset,99,0,0
9,270625,270405,0.9991870669745958,99,103,pre_onset,103,0,0
9,270625,270522,0.9996193995381062,0,99,pre_onset,99,0,0
10,270401,2422,0.00895706746646647,0,77,pre_onset,77,0,0
10,270401,3005,0.011113124581639862,0,56,pre_onset,56,0,0
10,270401,4154,0.015362369222007314,0,99,pre_onset,99,0,0
10,270401,4992,0.01846147018687061,16,45,pre_onset,45,0,0
10,270401,5669,0.020965159152517926,103,46,pre_onset,46,0,0
10,270401,9717,0.03593551798994826,0,45,pre_onset,45,0,0
10,270401,15193,0.05618692238564207,24,74,pre_onset,74,0,0
10,270401,15276,0.05649387391318819,0,76,pre_onset,76,0,0
10,270401,15383,0.056889582508940426,99,82,pre_onset,82,0,0
10,270401,17310,0.0640160354436559,0,99,pre_onset,99,0,0
10,270401,18689,0.0691158686543319,100,49,pre_onset,49,0,0
10,270401,20316,0.07513285823647102,30,47,pre_onset,47,0,0
10,270401,20901,0.07729631177399492,30,46,pre_onset,46,0,0
10,270401,20988,0.07761805614624206,97,84,pre_onset,84,0,0
10,270401,21874,0.08089467124751758,103,46,pre_onset,46,0,0
10,270401,28822,0.10658984249318605,0,98,pre_onset,98,0,0
10,270401,33639,0.12440412572438711,0,77,pre_onset,77,0,0
10,270401,36103,0.13351651806021428,0,77,pre_onset,77,0,0
10,270401,36560,0.1352066005673056,0,70,pre_onset,70,0,0
10,270401,36690,0.13568736802008868,90,59,pre_onset,59,0,0
10,270401,37052,0.1370261204655308,0,72,pre_onset,72,0,0
10,270401,45687,0.16896017396385368,0,45,pre_onset,45,0,0
10,270401,52950,0.19582028172972732,102,100,pre_onset,100,0,0
10,270401,53310,0.19715163775281896,30,71,pre_onset,71,0,0
10,270401,54630,0.20203327650415495,24,47,pre_onset,47,0,0
10,270401,56948,0.21060573000839494,0,46,pre_onset,46,0,0
10,270401,61849,0.2287306629783174,30,40,pre_onset,40,0,0
10,270401,62438,0.2309089093605423,0,45,pre_onset,45,0,0
10,270401,63457,0.23467738654812667,24,53,pre_onset,53,0,0
10,270401,66635,0.24643030166308558,103,46,pre_onset,46,0,0
10,270401,68379,0.2528799819527295,103,488,pre_onset,488,4,0
10,270401,82744,0.3060047854852608,102,63,pre_onset,63,0,0
10,270401,114180,0.42226175199056215,0,43,pre_onset,43,0,0
10,270401,128169,0.4739960281211978,30,47,pre_onset,47,0,0
10,270401,131650,0.4868695012222588,0,55,pre_onset,55,0,0
10,270401,132240,0.48905144581565896,102,47,pre_onset,47,0,0
10,270401,132872,0.4913887152784198,0,45,pre_onset,45,0,0
10,270401,159539,0.5900089126889324,102,47,pre_onset,47,0,0
10,270401,165414,0.6117359033435528,31,67,pre_onset,67,0,0
10,270401,165510,0.6120909316163772,31,68,pre_onset,68,0,0
10,270401,168965,0.6248682512268816,24,74,pre_onset,74,0,0
10,270401,172454,0.6377713100173447,30,71,pre_onset,71,0,0
10,270401,177392,0.6560330768007515,24,75,pre_onset,75,0,0
10,270401,183874,0.6800048816387514,103,99,pre_onset,99,0,0
10,270401,186752,0.6906483334011339,0,799,pre_onset,799,7,0
10,270401,188606,0.6975048169200557,102,45,pre_onset,45,0,0
10,270401,190285,0.7037141134833081,24,47,pre_onset,47,0,0
10,270401,220940,0.8170827770607357,30,40,pre_onset,40,0,0
10,270401,246161,0.9103553611118302,0,47,pre_onset,47,0,0
10,270401,250235,0.9254218734398172,0,77,pre_onset,77,0,0
11,268891,5023,0.01868043184784913,24,95,pre_onset,95,0,0
11,268891,8201,0.03049934731917394,31,67,pre_onset,67,0,0
11,268891,9071,0.03373485910647809,103,46,pre_onset,46,0,0
11,268891,15303,0.05691153664496022,24,47,pre_onset,47,0,0
11,268891,18022,0.06702344072505216,103,46,pre_onset,46,0,0
11,268891,20009,0.07441305212892957,100,42,pre_onset,42,0,0
11,268891,22708,0.08445057662770417,24,77,pre_onset,77,0,0
11,268891,28530,0.1061024727491809,103,45,pre_onset,45,0,0
11,268891,72044,0.2679301278213105,24,76,pre_onset,76,0,0
11,268891,93124,0.34632620652978346,0,43,pre_onset,43,0,0
11,268891,120323,0.44747871814229556,99,49,pre_onset,49,0,0
11,268891,122669,0.45620344303081917,0,45,pre_onset,45,0,0
11,268891,149500,0.5559873703470923,0,45,pre_onset,45,0,0
11,268891,166170,0.6179827513750925,0,55,pre_onset,55,0,0
11,268891,187525,0.6974015493266789,103,46,pre_onset,46,0,0
11,268891,188937,0.7026527477676828,24,74,pre_onset,74,0,0
11,268891,204483,0.7604679963256487,24,47,pre_onset,47,0,0
11,268891,204758,0.761490715568762,99,81,pre_onset,81,0,0
11,268891,205820,0.7654402713367127,0,71,pre_onset,71,0,0
11,268891,216495,0.8051403728648412,30,71,pre_onset,71,0,0
11,268891,218515,0.8126527105778921,103,46,pre_onset,46,0,0
11,268891,225769,0.8396301847216902,0,44,pre_onset,44,0,0
11,268891,230804,0.8583552443183298,103,45,pre_onset,45,0,0
11,268891,240063,0.8927892714891907,0,98,pre_onset,98,0,0
12,267843,8421,0.03144006003516986,16,61,pre_onset,61,0,0
12,267843,14458,0.05397938344477922,0,98,pre_onset,98,0,0
12,267843,14565,0.05437887120439959,0,71,pre_onset,71,0,0
12,267843,23531,0.08785370534230874,0,77,pre_onset,77,0,0
12,267843,40167,0.14996471813711765,103,46,pre_onset,46,0,0
12,267843,58987,0.22022976146473866,102,72,pre_onset,72,0,0
12,267843,59084,0.22059191391972163,103,72,pre_onset,72,0,0
12,267843,59804,0.22328005585361574,103,46,pre_onset,46,0,0
12,267843,68234,0.2547537176629593,103,99,pre_onset,99,0,0
12,267843,71425,0.2666674133727594,0,43,pre_onset,43,0,0
12,267843,78888,0.2945307512236646,0,45,pre_onset,45,0,0
12,267843,85432,0.31896297457839107,30,47,pre_onset,47,0,0
12,267843,89653,0.3347222066658453,103,46,pre_onset,46,0,0
12,267843,110347,0.4119838860825185,0,71,pre_onset,71,0,0
12,267843,113442,0.4235391628677994,0,45,pre_onset,45,0,0
12,267843,115979,0.43301112965431243,24,77,pre_onset,77,0,0
12,267843,173215,0.6467034792770392,0,61,pre_onset,61,0,0
12,267843,174902,0.6530019451693716,0,44,pre_onset,44,0,0
12,267843,197505,0.737390934241328,30,71,pre_onset,71,0,0
12,267843,207425,0.7744275564416467,98,68,pre_onset,68,0,0
12,267843,216760,0.8092800633206767,0,45,pre_onset,45,0,0
12,267843,219440,0.8192859249635047,0,98,pre_onset,98,0,0
12,267843,219547,0.8196854127231251,0,77,pre_onset,77,0,0
12,267843,219670,0.8201446369701654,99,103,pre_onset,103,0,0
12,267843,229051,0.8551688862505273,103,72,pre_onset,72,0,0
12,267843,229563,0.8570804538479632,103,77,pre_onset,77,0,0
12,267843,248477,0.9276964490391759,103,45,pre_onset,45,0,0
13,267828,7477,0.027917170721507834,0,71,pre_onset,71,0,0
13,267828,9019,0.03367459712950102,30,69,pre_onset,69,0,0
13,267828,9375,0.035003808414355485,103,46,pre_onset,46,0,0
13,267828,13727,0.05125304299774482,98,82,pre_onset,82,0,0
13,267828,14537,0.054277372044745135,24,74,pre_onset,74,0,0
13,267828,14816,0.05531908538315635,103,78,pre_onset,78,0,0
13,267828,20065,0.07491748435563123,0,76,pre_onset,76,0,0
13,267828,20180,0.07534686440551398,99,82,pre_onset,82,0,0
13,267828,26615,0.09937347850112759,103,44,pre_onset,44,0,0
13,267828,30584,0.11419269083142912,102,40,pre_onset,40,0,0
13,267828,50285,0.1877510939856923,31,70,pre_onset,70,0,0
13,267828,67105,0.2505525934555013,30,87,pre_onset,87,0,0
13,267828,67948,0.25370013590812013,24,47,pre_onset,47,0,0
13,267828,99997,0.37336275520109924,0,279,pre_onset,279,2,0
13,267828,101378,0.3785190495392565,0,99,pre_onset,99,0,0
13,267828,106029,0.39588467225234103,0,98,pre_onset,98,0,0
13,267828,133429,0.498189136311364,0,45,pre_onset,45,0,0
13,267828,139832,0.5220962707409232,99,76,pre_onset,76,0,0
13,267828,148254,0.5535418253505981,21,49,pre_onset,49,0,0
13,267828,149593,0.5585413026270591,0,43,pre_onset,43,0,0
13,267828,162327,0.6060867422375554,103,46,pre_onset,46,0,0
13,267828,166468,0.6215481577728991,0,45,pre_onset,45,0,0
13,267828,180874,0.6753364099347342,0,45,pre_onset,45,0,0
13,267828,193365,0.7219745508311304,102,47,pre_onset,47,0,0
13,267828,199982,0.746680705527428,102,40,pre_onset,40,0,0
13,267828,220404,0.8229311349074779,30,41,pre_onset,41,0,0
13,267828,224984,0.8400316621115044,0,45,pre_onset,45,0,0
13,267828,238618,0.8909374673297789,103,62,pre_onset,62,0,0
13,267828,243299,0.9084151022297893,103,44,pre_onset,44,0,0
13,267828,253805,0.9476417700912526,25,73,pre_onset,73,0,0
13,267828,254388,0.9498185402571799,0,45,pre_onset,45,0,0
14,266260,1283,0.004818598362502817,103,99,pre_onset,99,0,0
14,266260,4602,0.01728385788327199,0,44,pre_onset,44,0,0
14,266260,4973,0.018677232779989485,103,46,pre_onset,46,0,0
14,266260,5364,0.02014572222639525,0,98,pre_onset,98,0,0
14,266260,8147,0.030597911815518665,0,45,pre_onset,45,0,0
14,266260,14177,0.053244948546533465,103,45,pre_onset,45,0,0
14,266260,20649,0.07755201682565913,31,46,pre_onset,46,0,0
14,266260,22535,0.08463531886126342,24,52,pre_onset,52,0,0
14,266260,26824,0.10074363404191392,0,44,pre_onset,44,0,0
14,266260,35964,0.1350709832494554,0,45,pre_onset,45,0,0
14,266260,42123,0.1582025088259596,103,46,pre_onset,46,0,0
14,266260,45876,0.1722977540749643,0,45,pre_onset,45,0,0
14,266260,52127,0.19577480658003454,0,45,pre_onset,45,0,0
14,266260,55436,0.2082025088259596,0,45,pre_onset,45,0,0
14,266260,59038,0.22173063922481784,25,45,pre_onset,45,0,0
14,266260,59165,0.2222076166153384,0,45,pre_onset,45,0,0
14,266260,60989,0.22905806354690902,0,45,pre_onset,45,0,0
14,266260,70396,0.264388191992789,0,71,pre_onset,71,0,0
14,266260,71252,0.26760309471944715,0,44,pre_onset,44,0,0
14,266260,80552,0.30253136032449485,0,71,pre_onset,71,0,0
14,266260,90335,0.3392736423045144,30,71,pre_onset,71,0,0
14,266260,99870,0.3750845038683993,103,45,pre_onset,45,0,0
14,266260,104713,0.393273492075415,103,46,pre_onset,46,0,0
14,266260,109730,0.4121159768647187,30,45,pre_onset,45,0,0
14,266260,123323,0.46316758056035456,30,41,pre_onset,41,0,0
14,266260,177714,0.6674453541651018,102,73,pre_onset,73,0,0
14,266260,185492,0.6966574025388718,100,75,pre_onset,75,0,0
14,266260,193040,0.7250056335912266,24,75,pre_onset,75,0,0
14,266260,216560,0.8133403440246376,30,68,pre_onset,68,0,0
14,266260,216814,0.8142942988056786,0,71,pre_onset,71,0,0
14,266260,224590,0.8434988357244798,30,40,pre_onset,40,0,0
15,265407,4518,0.017022911980467733,30,47,pre_onset,47,0,0
15,265407,7251,0.0273203042873775,102,47,pre_onset,47,0,0
15,265407,8004,0.03015745628412212,0,70,pre_onset,70,0,0
15,265407,8212,0.030941158296503107,100,49,pre_onset,49,0,0
15,265407,14810,0.05580109040078069,24,46,pre_onset,46,0,0
15,265407,16988,0.06400735474196234,102,47,pre_onset,47,0,0
15,265407,21354,0.08045756140569013,0,62,pre_onset,62,0,0
15,265407,24028,0.09053265362254952,16,41,pre_onset,41,0,0
15,265407,32141,0.12110079990354437,103,45,pre_onset,45,0,0
15,265407,42417,0.15981869355367417,103,45,pre_onset,45,0,0
15,265407,59718,0.22500536911234445,0,76,pre_onset,76,0,0
15,265407,70415,0.26530950577791845,103,51,pre_onset,51,0,0
15,265407,72019,0.2713530539887795,30,71,pre_onset,71,0,0
15,265407,72227,0.2721367560011605,103,46,pre_onset,46,0,0
15,265407,79807,0.30069666587542904,30,71,pre_onset,71,0,0
15,265407,85671,0.3227910341475545,24,76,pre_onset,76,0,0
15,265407,87658,0.33027764904467477,103,46,pre_onset,46,0,0
15,265407,89934,0.33885315760322826,103,45,pre_onset,45,0,0
15,265407,113437,0.42740771720414306,31,67,pre_onset,67,0,0
15,265407,116146,0.4376146823557781,103,46,pre_onset,46,0,0
15,265407,117089,0.4411677159984477,31,44,pre_onset,44,0,0
15,265407,126379,0.4761705606860407,0,71,pre_onset,71,0,0
15,265407,155956,0.5876107261677348,31,46,pre_onset,46,0,0
15,265407,159679,0.6016382386297272,30,40,pre_onset,40,0,0
15,265407,206196,0.7769049045428342,103,46,pre_onset,46,0,0
15,265407,206597,0.7784157915955495,0,45,pre_onset,45,0,0
15,265407,208178,0.7843726804492722,31,68,pre_onset,68,0,0
15,265407,208286,0.7847796026480085,31,70,pre_onset,70,0,0
15,265407,223975,0.8438925876107262,0,70,pre_onset,70,0,0
15,265407,241830,0.9111666233369881,31,46,pre_onset,46,0,0
15,265407,247113,0.9310719008918378,30,71,pre_onset,71,0,0
15,265407,262971,0.990821643739615,0,45,pre_onset,45,0,0
16,265277,11574,0.04362986613992167,25,73,pre_onset,73,0,0
16,265277,11656,0.04393897699385925,0,61,pre_onset,61,0,0
16,265277,13604,0.05128224459715693,0,44,pre_onset,44,0,0
16,265277,39662,0.1495116425472242,103,45,pre_onset,45,0,0
16,265277,51808,0.19529774537558853,103,45,pre_onset,45,0,0
16,265277,80806,0.3046098983326862,103,45,pre_onset,45,0,0
16,265277,86395,0.3256784417797246,0,61,pre_onset,61,0,0
16,265277,101801,0.3837535858743879,30,71,pre_onset,71,0,0
16,265277,106245,0.4005058862999808,24,74,pre_onset,74,0,0
16,265277,136716,0.5153707256942743,102,45,pre_onset,45,0,0
16,265277,146368,0.5517553349894638,31,67,pre_onset,67,0,0
16,265277,167122,0.6299905381921539,101,46,pre_onset,46,0,0
16,265277,172968,0.6520278802911673,103,99,pre_onset,99,0,0
16,265277,183153,0.6904217101369512,100,273,pre_onset,273,2,0
16,265277,187015,0.7049800774284992,0,45,pre_onset,45,0,0
16,265277,226735,0.8547103593602159,0,71,pre_onset,71,0,0
16,265277,227149,0.8562709922081447,102,73,pre_onset,73,0,0
16,265277,233495,0.8801931565872654,0,61,pre_onset,61,0,0
16,265277,234359,0.8834501294872906,24,74,pre_onset,74,0,0
16,265277,242575,0.9144215291940123,100,102,pre_onset,102,0,0
16,265277,242691,0.9148588079629971,0,99,pre_onset,99,0,0
16,265277,242794,0.9152470813526993,99,164,pre_onset,164,1,0
16,265277,245918,0.9270234509588091,0,61,pre_onset,61,0,0
16,265277,246873,0.9306234615138138,24,53,pre_onset,53,0,0
16,265277,247689,0.9336994914749488,0,71,pre_onset,71,0,0
16,265277,255724,0.9639885855162716,0,45,pre_onset,45,0,0
16,265277,262967,0.9912921210659047,100,49,pre_onset,49,0,0
17,260282,31913,0.12260932373348907,103,47,pre_onset,47,0,0
17,260282,33386,0.12826857024304408,0,71,pre_onset,71,0,0
17,260282,55353,0.2126654935800401,0,45,pre_onset,45,0,0
17,260282,62150,0.23877947764347898,30,71,pre_onset,71,0,0
17,260282,63928,0.24561053011733427,102,47,pre_onset,47,0,0
17,260282,66895,0.2570097048585765,30,71,pre_onset,71,0,0
17,260282,66970,0.2572978538661913,102,47,pre_onset,47,0,0
17,260282,71658,0.2753090878355015,31,40,pre_onset,40,0,0
17,260282,86406,0.33197070869287926,102,45,pre_onset,45,0,0
17,260282,91743,0.3524753920747497,102,100,pre_onset,100,0,0
17,260282,101758,0.39095288955824836,102,73,pre_onset,73,0,0
17,260282,116276,0.4467308534589407,24,77,pre_onset,77,0,0
17,260282,117455,0.4512605558586456,0,45,pre_onset,45,0,0
17,260282,124036,0.47654467078015383,24,53,pre_onset,53,0,0
17,260282,142271,0.5466032994982365,99,76,pre_onset,76,0,0
17,260282,142415,0.547156545592857,103,44,pre_onset,44,0,0
17,260282,143784,0.5524162254785194,0,76,pre_onset,76,0,0
17,260282,143895,0.5528426860097894,99,76,pre_onset,76,0,0
17,260282,162069,0.622666953535012,30,47,pre_onset,47,0,0
17,260282,176889,0.6796051974397,0,71,pre_onset,71,0,0
17,260282,177738,0.6828670442058997,26,44,pre_onset,44,0,0
17,260282,197638,0.7593225808930314,30,68,pre_onset,68,0,0
17,260282,230603,0.8859736747066643,0,76,pre_onset,76,0,0
17,260282,234743,0.9018794999270022,100,81,pre_onset,81,0,0
17,260282,238118,0.9148462052696691,0,77,pre_onset,77,0,0
17,260282,240579,0.9243013347062032,0,70,pre_onset,70,0,0
17,260282,240709,0.924800792986069,90,59,pre_onset,59,0,0
18,257885,18128,0.07029489888903968,24,46,pre_onset,46,0,0
18,257885,20967,0.08130368187370339,0,76,pre_onset,76,0,0
18,257885,21107,0.0818465595129612,0,77,pre_onset,77,0,0
18,257885,21419,0.08305640110902146,0,43,pre_onset,43,0,0
18,257885,31170,0.12086782868332784,25,45,pre_onset,45,0,0
18,257885,35400,0.1372704887837602,24,76,pre_onset,76,0,0
18,257885,46725,0.18118541210229366,24,47,pre_onset,47,0,0
18,257885,49789,0.19306667700719313,0,77,pre_onset,77,0,0
18,257885,51835,0.20100044593520366,0,43,pre_onset,43,0,0
18,257885,58920,0.22847393217907205,0,45,pre_onset,45,0,0
18,257885,61524,0.23857145626926732,103,46,pre_onset,46,0,0
18,257885,62122,0.2408903193283828,30,46,pre_onset,46,0,0
18,257885,75321,0.29207204761812433,30,47,pre_onset,47,0,0
18,257885,78226,0.3033367586327239,30,71,pre_onset,71,0,0
18,257885,79175,0.3070166934874072,0,45,pre_onset,45,0,0
18,257885,131202,0.5087616573278787,24,51,pre_onset,51,0,0
18,257885,136199,0.5281385113519592,0,55,pre_onset,55,0,0
18,257885,138756,0.5380537836632607,0,61,pre_onset,61,0,0
18,257885,139028,0.5391085173623902,0,45,pre_onset,45,0,0
18,257885,139419,0.5406246970548888,30,47,pre_onset,47,0,0
18,257885,165720,0.6426120169843147,103,46,pre_onset,46,0,0
18,257885,167905,0.6510847858541599,24,74,pre_onset,74,0,0
18,257885,187232,0.7260290439537003,102,40,pre_onset,40,0,0
18,257885,193196,0.749155631386083,30,71,pre_onset,71,0,0
18,257885,193653,0.7509277391085174,99,82,pre_onset,82,0,0
18,257885,221771,0.859960835256025,103,46,pre_onset,46,0,0
18,257885,224538,0.8706904240262132,30,71,pre_onset,71,0,0
18,257885,224659,0.8711596254144289,0,43,pre_onset,43,0,0
18,257885,225959,0.87620063206468,98,44,pre_onset,44,0,0
18,257885,241506,0.9364871939042596,0,71,pre_onset,71,0,0
18,257885,242929,0.942005157337573,103,72,pre_onset,72,0,0
18,257885,245097,0.9504120053512224,0,45,pre_onset,45,0,0
19,255436,1220,0.004776147449850452,0,77,pre_onset,77,0,0
19,255436,22009,0.08616248297029393,24,77,pre_onset,77,0,0
19,255436,25075,0.09816548959426236,103,100,pre_onset,100,0,0
19,255436,33022,0.1292770008925915,0,71,pre_onset,71,0,0
19,255436,34981,0.13694624093706448,0,76,pre_onset,76,0,0
19,255436,35081,0.13733772843295386,92,89,pre_onset,89,0,0
19,255436,36447,0.1426854476268028,21,49,pre_onset,49,0,0
19,255436,52259,0.20458745047683177,0,488,pre_onset,488,4,0
19,255436,60868,0.2382906089979486,0,98,pre_onset,98,0,0
19,255436,60975,0.23870950061855023,0,61,pre_onset,61,0,0
19,255436,77276,0.3025258773234783,101,41,pre_onset,41,0,0
19,255436,81351,0.3184789927809706,25,74,pre_onset,74,0,0
19,255436,85532,0.3348470849841056,24,76,pre_onset,76,0,0
19,255436,95838,0.37519378631046524,102,73,pre_onset,73,0,0
19,255436,95921,0.3755187209320534,25,45,pre_onset,45,0,0
19,255436,96671,0.3784548771512238,26,45,pre_onset,45,0,0
19,255436,100327,0.39276766000093954,102,63,pre_onset,63,0,0
19,255436,101436,0.3971092563303528,0,45,pre_onset,45,0,0
19,255436,102236,0.40024115629746787,100,75,pre_onset,75,0,0
19,255436,104638,0.4096446859487308,25,56,pre_onset,56,0,0
19,255436,134368,0.5260339184766438,0,77,pre_onset,77,0,0
19,255436,158705,0.6213102303512426,0,71,pre_onset,71,0,0
19,255436,161543,0.6324206454845832,0,44,pre_onset,44,0,0
19,255436,163334,0.639432186535962,24,77,pre_onset,77,0,0
19,255436,198211,0.7759712804773016,103,46,pre_onset,46,0,0
19,255436,201941,0.7905737640739755,102,40,pre_onset,40,0,0
19,255436,239033,0.9357843060492648,24,46,pre_onset,46,0,0
20,255171,347,0.0013598723992930232,0,77,pre_onset,77,0,0
20,255171,4002,0.015683600409137403,30,71,pre_onset,71,0,0
20,255171,5573,0.021840256141959707,0,89,pre_onset,89,0,0
20,255171,11098,0.04349240313358493,102,100,pre_onset,100,0,0
20,255171,21415,0.08392411363360257,0,45,pre_onset,45,0,0
20,255171,25678,0.10063055754768371,103,78,pre_onset,78,0,0
20,255171,25934,0.10163380634946761,0,77,pre_onset,77,0,0
20,255171,39436,0.1545473427623045,102,45,pre_onset,45,0,0
20,255171,42437,0.16630808359884156,25,74,pre_onset,74,0,0
20,255171,43010,0.16855363658095943,102,63,pre_onset,63,0,0
20,255171,43105,0.16892593594099642,30,47,pre_onset,47,0,0
20,255171,56665,0.2220667709104875,0,45,pre_onset,45,0,0
20,255171,57976,0.227204502078998,102,45,pre_onset,45,0,0
20,255171,59211,0.23204439375947894,0,98,pre_onset,98,0,0
20,255171,82220,0.3222152987604391,101,79,pre_onset,79,0,0
20,255171,82323,0.32261894964553184,92,89,pre_onset,89,0,0
20,255171,94533,0.37046921476186556,0,71,pre_onset,71,0,0
20,255171,110528,0.4331526701701996,24,52,pre_onset,52,0,0
20,255171,113810,0.4460146333243198,25,64,pre_onset,64,0,0
20,255171,115627,0.4531353484526063,102,52,pre_onset,52,0,0
20,255171,119748,0.4692853027969479,31,67,pre_onset,67,0,0
20,255171,123056,0.48224915840749927,0,45,pre_onset,45,0,0
20,255171,142626,0.5589428265751202,30,45,pre_onset,45,0,0
20,255171,143115,0.5608591885441527,0,45,pre_onset,45,0,0
20,255171,160591,0.6293465950284319,16,40,pre_onset,40,0,0
20,255171,161168,0.6316078237730777,0,45,pre_onset,45,0,0
20,255171,165125,0.6471150718537765,0,76,pre_onset,76,0,0
20,255171,165253,0.6476166962546684,0,77,pre_onset,77,0,0
20,255171,169500,0.6642604371186381,103,46,pre_onset,46,0,0
20,255171,176242,0.6906819348593688,24,74,pre_onset,74,0,0
20,255171,178532,0.6996563089065764,0,45,pre_onset,45,0,0
20,255171,201693,0.7904228928835957,25,45,pre_onset,45,0,0
20,255171,210833,0.8262420102597866,31,46,pre_onset,46,0,0
20,255171,212749,0.8337507005106379,0,61,pre_onset,61,0,0
20,255171,225637,0.8842580073754462,30,41,pre_onset,41,0,0
20,255171,251080,0.9839676138746174,0,43,pre_onset,43,0,0
20,255171,252284,0.9886860183955073,0,45,pre_onset,45,0,0
20,255171,254599,0.9977583659585141,0,77,pre_onset,77,0,0
21,255129,2727,0.010688710417083122,0,70,pre_onset,70,0,0
21,255129,5176,0.020287775987833604,103,99,pre_onset,99,0,0
21,255129,5284,0.020711091251876503,0,77,pre_onset,77,0,0
21,255129,6923,0.027135292342305266,0,61,pre_onset,61,0,0
21,255129,15531,0.060875086720835345,31,67,pre_onset,67,0,0
21,255129,18420,0.07219877003398281,30,71,pre_onset,71,0,0
21,255129,19495,0.0764123247455209,30,40,pre_onset,40,0,0
21,255129,21438,0.08402807991251485,0,71,pre_onset,71,0,0
21,255129,22718,0.0890451497085788,103,46,pre_onset,46,0,0
21,255129,27047,0.10601303654229821,0,98,pre_onset,98,0,0
21,255129,35423,0.1388434870202917,103,72,pre_onset,72,0,0
21,255129,35975,0.14100709836984426,0,77,pre_onset,77,0,0
21,255129,37421,0.14667481940508528,103,46,pre_onset,46,0,0
21,255129,38849,0.15227198789631913,0,45,pre_onset,45,0,0
21,255129,44017,0.17252840719792734,0,57,pre_onset,57,0,0
21,255129,49264,0.19309447377601135,31,67,pre_onset,67,0,0
21,255129,49340,0.19339236229515264,0,77,pre_onset,77,0,0
21,255129,56919,0.22309890290794068,24,53,pre_onset,53,0,0
21,255129,73040,0.28628654523789926,0,56,pre_onset,56,0,0
21,255129,74418,0.29168773444022433,103,46,pre_onset,46,0,0
21,255129,83751,0.3282692285079313,24,77,pre_onset,77,0,0
21,255129,120900,0.473877920581353,103,46,pre_onset,46,0,0
21,255129,122935,0.481854277639939,25,73,pre_onset,73,0,0
21,255129,127202,0.4985791501554116,103,46,pre_onset,46,0,0
21,255129,130349,0.5109140865993281,24,77,pre_onset,77,0,0
21,255129,130452,0.5113178039344802,100,49,pre_onset,49,0,0
21,255129,162587,0.6372736929161327,24,1591,pre_onset,1591,15,0
21,255129,164524,0.6448659305684575,30,71,pre_onset,71,0,0
21,255129,165949,0.6504513403023569,0,45,pre_onset,45,0,0
21,255129,170021,0.6664118935910853,0,45,pre_onset,45,0,0
21,255129,175342,0.6872680095167543,0,99,pre_onset,99,0,0
21,255129,191775,0.7516785626095034,0,98,pre_onset,98,0,0
21,255129,191939,0.7523213746771241,103,72,pre_onset,72,0,0
21,255129,192463,0.7543752376248878,99,50,pre_onset,50,0,0
21,255129,205021,0.803597395827209,0,61,pre_onset,61,0,0
21,255129,223501,0.8760313410078823,0,50,pre_onset,50,0,0
21,255129,227261,0.8907689835338202,31,40,pre_onset,40,0,0
21,255129,236687,0.9277149990788973,16,61,pre_onset,61,0,0
21,255129,243960,0.9562221464435638,0,71,pre_onset,71,0,0
22,252072,724,0.0028721952458027867,0,98,pre_onset,98,0,0
22,252072,831,0.0032966771398648003,0,45,pre_onset,45,0,0
22,252072,5210,0.020668697832365357,103,45,pre_onset,45,0,0
22,252072,6302,0.02500079342410105,103,45,pre_onset,45,0,0
22,252072,7439,0.029511409438573107,102,47,pre_onset,47,0,0
22,252072,9812,0.03892538639753721,0,45,pre_onset,45,0,0
22,252072,26845,0.10649734996350249,103,62,pre_onset,62,0,0
22,252072,40608,0.1610968294772922,30,71,pre_onset,71,0,0
22,252072,42154,0.16722999777841252,0,61,pre_onset,61,0,0
22,252072,45727,0.18140451934367957,102,47,pre_onset,47,0,0
22,252072,48974,0.19428575962423433,0,45,pre_onset,45,0,0
22,252072,52990,0.21021771557332825,103,45,pre_onset,45,0,0
22,252072,54513,0.21625964010282778,103,45,pre_onset,45,0,0
22,252072,55162,0.2188343013107366,31,67,pre_onset,67,0,0
22,252072,55715,0.22102811895014124,0,99,pre_onset,99,0,0
22,252072,62920,0.24961122219048526,103,45,pre_onset,45,0,0
22,252072,88617,0.3515543178139579,31,46,pre_onset,46,0,0
22,252072,88860,0.3525183280967343,31,45,pre_onset,45,0,0
22,252072,142101,0.5637317909168809,24,74,pre_onset,74,0,0
22,252072,163547,0.6488106572725253,102,100,pre_onset,100,0,0
22,252072,164064,0.6508616585737408,30,47,pre_onset,47,0,0
22,252072,168805,0.6696697768891428,0,89,pre_onset,89,0,0
22,252072,172606,0.6847488019296074,30,68,pre_onset,68,0,0
22,252072,183156,0.7266019232600209,0,98,pre_onset,98,0,0
22,252072,208956,0.8289536322955346,103,46,pre_onset,46,0,0
22,252072,209873,0.8325914817988511,0,99,pre_onset,99,0,0
22,252072,228751,0.9074827826970072,31,70,pre_onset,70,0,0
22,252072,231780,0.9194991907074169,30,68,pre_onset,68,0,0
22,252072,251993,0.999686597480085,30,71,pre_onset,71,0,0
23,251853,12101,0.0480478691935375,102,47,pre_onset,47,0,0
23,251853,18018,0.07154173267739515,25,45,pre_onset,45,0,0
23,251853,22569,0.08961179735798264,30,47,pre_onset,47,0,0
23,251853,26701,0.10601819315235475,31,67,pre_onset,67,0,0
23,251853,26777,0.10631995648255133,0,77,pre_onset,77,0,0
23,251853,36250,0.14393316736350173,30,69,pre_onset,69,0,0
23,251853,36510,0.14496551559838478,30,71,pre_onset,71,0,0
23,251853,39802,0.1580366324800578,0,70,pre_onset,70,0,0
23,251853,40002,0.1588307465068909,100,49,pre_onset,49,0,0
23,251853,53478,0.21233814963490608,103,45,pre_onset,45,0,0
23,251853,60430,0.23994155320762509,0,61,pre_onset,61,0,0
23,251853,69319,0.2752359511302228,0,61,pre_onset,61,0,0
23,251853,92948,0.36905655283042094,25,76,pre_onset,76,0,0
23,251853,96082,0.3815003196308958,0,70,pre_onset,70,0,0
23,251853,96507,0.3831878119379162,0,45,pre_onset,45,0,0
23,251853,97662,0.3877738204428774,100,49,pre_onset,49,0,0
23,251853,99250,0.3940790858159323,0,70,pre_onset,70,0,0
23,251853,99432,0.3948017295803504,90,59,pre_onset,59,0,0
23,251853,109118,0.4332606718998781,31,70,pre_onset,70,0,0
23,251853,122798,0.48757807133526304,24,46,pre_onset,46,0,0
23,251853,122883,0.4879155697966671,0,98,pre_onset,98,0,0
23,251853,142145,0.5643966917209642,31,44,pre_onset,44,0,0
23,251853,144619,0.5742198822328898,0,45,pre_onset,45,0,0
23,251853,145097,0.576117814757021,99,50,pre_onset,50,0,0
23,251853,156847,0.6227720138334664,103,46,pre_onset,46,0,0
23,251853,177484,0.7047126696922411,97,78,pre_onset,78,0,0
23,251853,183622,0.7290840291757493,103,45,pre_onset,45,0,0
23,251853,184913,0.7342100352189571,103,44,pre_onset,44,0,0
23,251853,196527,0.780324236757156,0,77,pre_onset,77,0,0
23,251853,213280,0.8468431982148317,0,43,pre_onset,43,0,0
